id,domain,status,purchase_price,renewal_price,attractiveness,demand,length,registrar,created_at,expires_at,status_verified_at
8ba65b51-37e7-4757-b6e0-11a2059b6d60,ours.supplies,available,20.08,20.08,high,low,4,porkbun,,,28/09/2026 04:28
65ae0950-f612-4f8d-bbf9-b2bae96efca6,markus.supplies,available,19.2,19.2,high,low,6,cloudflare,,,28/09/2026 21:58
3c112a6e-c3f1-4ffc-9420-fbb36c7b8f97,pocket.supplies,available,19.2,19.2,high,medium,6,cloudflare,,,28/09/2026 19:35
bb14fd57-ff49-44e0-94d1-399bf5add6af,polysemous.supplies,available,24.99,24.99,medium,low,10,namesilo,,,08/09/2026 23:31
5fd5d68b-9834-4268-b016-4a7e1f0bc2dc,sprayer.supplies,available,25.48,32.48,high,low,7,namecheap,,,21/09/2026 00:21
7d3f44be-ccb4-4044-a75d-70f16c4cb246,tattletale.supplies,available,24.99,24.99,medium,low,10,namesilo,,,11/09/2026 10:28
51db762b-7be5-49ef-a0c9-d958d4137773,malamud.supplies,available,24.99,24.99,medium,low,7,namesilo,,,23/09/2026 09:50
b590b6ed-f21a-4981-9a9a-6493d3c20478,agar.supplies,available,24.99,24.99,medium,low,4,namesilo,,,17/09/2026 16:14
7f10d2cb-6370-4893-b06e-2c2e15fabcd0,forgot.supplies,available,19.87,19.87,medium,low,6,spaceship,,,27/09/2026 21:47
001e4456-d7d2-4acd-b385-20d206717708,beware.supplies,available,19.2,19.2,medium,low,6,cloudflare,,,28/09/2026 20:49
c330ef76-078f-498a-8601-fb16c9935eaf,caption.supplies,available,24.99,24.99,high,low,7,namesilo,,,24/09/2026 12:41
03307f23-566c-43dd-a3c0-68cd37a53c2a,romanians.supplies,available,19.87,19.87,medium,low,9,spaceship,,,30/09/2026 00:08
6afd4988-18bd-409f-819e-6619f62f67bc,executive.supplies,available,24.99,24.99,high,low,9,namesilo,,,19/09/2026 08:02
994e8e3f-ccb9-41da-8497-917480c9cd3c,backband.supplies,available,24.99,24.99,medium,low,8,namesilo,,,21/09/2026 14:57
c5caca5d-7b6d-4cfc-8719-7548fa929f91,hubert.supplies,available,24.99,24.99,medium,low,6,namesilo,,,25/09/2026 16:58
0f42cd3c-18b8-4ebf-83d9-bbd712528418,wards.supplies,available,20.08,20.08,medium,low,5,porkbun,,,30/09/2026 06:54
d7c77bee-a513-4394-9052-a050623b2aec,sleeping.supplies,available,24.99,24.99,high,low,8,namesilo,,,27/09/2026 22:26
00199f11-a8fb-4911-ac11-bfe0002f62d3,asura.supplies,available,25.48,32.48,medium,low,5,namecheap,,,20/09/2026 18:26
d29c7bc9-ba50-45a0-ac04-0e843c14fda9,connor.supplies,available,25.48,32.48,high,low,6,namecheap,,,25/09/2026 15:29
f5ae5538-424a-478f-a442-ff2fc3c9ee2c,geoff.supplies,available,19.87,19.87,medium,low,5,spaceship,,,28/09/2026 07:55
0ff34105-51b7-48c2-8078-8ff11347a7e5,alleyway.supplies,available,24.99,24.99,medium,low,8,namesilo,,,19/09/2026 04:05
28366da0-be84-43d5-a63b-beb81c9c8650,teeny.supplies,available,24.99,24.99,high,low,5,namesilo,,,10/08/2026 08:12
bcd1c1e5-5cbd-4b2f-9744-0aeebb89a9fa,crops.supplies,available,24.99,24.99,medium,low,5,namesilo,,,29/09/2026 04:57
fa7b2de1-5b56-494a-ba75-866906fd0415,blockbuster.supplies,available,19.2,19.2,high,low,11,cloudflare,,,30/09/2026 19:32
788ac22e-78c3-4f5c-9af5-798202785373,prisoners.supplies,available,25.48,32.48,medium,low,9,namecheap,,,25/09/2026 20:27
3e328bda-2ad8-4a92-9e7b-236ddcef2777,our.supplies,available,24.99,24.99,high,medium,3,namesilo,,,
62f62bfa-dd49-47cf-bc8e-60578d3a9528,sealing.supplies,available,19.87,19.87,high,low,7,spaceship,,,30/09/2026 18:36
ed576b3c-625f-459d-872f-a83b837be707,deviation.supplies,available,24.99,24.99,high,low,9,namesilo,,,30/09/2026 09:21
b63b62ed-9974-43ab-9947-97535b91111f,proustian.supplies,available,24.99,24.99,medium,low,9,namesilo,,,09/09/2026 04:22
ed29f430-48c6-4da3-917f-b0bedea06bf4,decca.supplies,available,24.99,24.99,medium,low,5,namesilo,,,28/09/2026 21:44
cc6c059e-6ac1-4288-a62a-3a566b8857cf,husband.supplies,available,19.2,19.2,high,low,7,cloudflare,,,29/09/2026 23:14
02c8d88b-1843-436d-9cbd-0d0f71559f52,scsi.supplies,available,19.87,19.87,high,low,4,spaceship,,,01/10/2026 03:36
1fab223a-47ea-452e-99bc-c729b362669d,andersen.supplies,available,24.99,24.99,high,low,8,namesilo,,,19/09/2026 04:01
f21e6e03-2217-4d71-b949-b444df8a3247,senator.supplies,available,24.99,24.99,high,low,7,namesilo,,,26/09/2026 00:17
7dded1da-b5d0-41d6-9918-bc48ff3f9541,ripped.supplies,available,19.87,19.87,high,low,6,spaceship,,,27/09/2026 17:41
cbd6b710-9582-406e-a5de-b2cfc76c65fc,rodents.supplies,available,24.99,24.99,low,low,7,namesilo,,,30/09/2026 15:36
57ac6531-da3e-41f9-a92e-5a3cd426e863,lunate.supplies,available,24.99,24.99,medium,low,6,namesilo,,,13/08/2026 06:12
18f90c9e-ea0f-4067-8af5-73dad3e4094b,miranda.supplies,available,24.99,24.99,high,low,7,namesilo,,,25/09/2026 12:16
ed6eefe9-0549-4556-b60b-229800443cff,neurotic.supplies,available,24.99,24.99,medium,low,8,namesilo,,,03/09/2026 16:23
bed0a089-fb1b-4dd1-a5ee-cdf266610caf,similarity.supplies,available,25.48,32.48,high,low,10,namecheap,,,29/09/2026 19:30
57bab1a3-e719-4eec-a583-dec0801bf787,calves.supplies,available,19.2,19.2,medium,low,6,cloudflare,,,29/09/2026 23:18
e59ac501-e6f1-477f-be15-2121cb99cb12,bioscope.supplies,available,25.48,32.48,medium,low,8,namecheap,,,23/09/2026 19:01
983725b8-8906-45e8-894d-0a51b43861b2,patter.supplies,available,25.48,32.48,high,low,6,namecheap,,,15/09/2026 20:21
71956e6c-d51c-4a5b-9c82-cc5ea0d26339,concretely.supplies,available,24.99,24.99,medium,low,10,namesilo,,,14/09/2026 08:12
2c11bb29-7846-4abf-b09a-5b0795d8c12a,potbound.supplies,available,24.99,24.99,medium,low,8,namesilo,,,09/09/2026 00:44
f4486f38-cd03-4072-ba57-f06c2310ff1b,acknowledge.supplies,available,19.2,19.2,high,low,11,cloudflare,,,01/10/2026 00:33
daf4fb37-dd2a-4911-9c08-7aed7e573743,pbs.supplies,available,24.99,24.99,high,low,3,namesilo,,,25/09/2026 09:49
e368fe6b-78cc-4fc4-9632-54ebb142f9d8,silvervine.supplies,available,24.99,24.99,medium,low,10,namesilo,,,17/09/2026 04:49
3fc47424-0de1-4d0e-a7e8-aa8b1d154d56,trying.supplies,available,24.99,24.99,high,low,6,namesilo,,,03/09/2026 15:44
0321c9fc-6853-4268-9b74-5a8edce06cfe,pans.supplies,available,25.48,32.48,medium,low,4,namecheap,,,18/09/2026 08:22
30d2dd06-a20f-46ec-acc4-d64d097740c3,canasta.supplies,available,24.99,24.99,medium,low,7,namesilo,,,22/09/2026 11:16
c579b7da-e33a-4716-9256-0d767432dd0a,meals.supplies,available,24.99,24.99,high,low,5,namesilo,,,18/09/2026 16:02
8ee2abd8-7e2f-4913-b79a-d43465bca01b,peril.supplies,available,19.87,19.87,high,low,5,spaceship,,,30/09/2026 17:11
3294b3d9-5c15-440b-b827-7f752324c583,chrysostom.supplies,available,24.99,24.99,medium,low,10,namesilo,,,02/10/2026 00:43
cefa1ffb-789d-46b8-8c11-74d0dd1af72e,straits.supplies,available,24.99,24.99,medium,low,7,namesilo,,,30/09/2026 02:57
9bd6e034-c3cf-4c9c-a6f7-ffc1831e9acd,measurement.supplies,available,20.55,20.55,high,low,11,dynadot,,,01/10/2026 14:29
6d2ea50f-18b3-4b04-805e-8f0a8726b5b4,housekeeping.supplies,available,24.99,24.99,high,low,12,namesilo,,,29/09/2026 10:23
91974a41-cdb1-44df-a648-1e09686c9cad,replica.supplies,available,25.48,32.48,high,low,7,namecheap,,,29/09/2026 20:10
d20c3228-e05b-4531-97d4-9dc7f7a0ad1d,bitterroot.supplies,available,24.99,24.99,medium,low,10,namesilo,,,23/09/2026 23:08
71e87ff0-4a28-4185-831d-20ede01803b8,nope.supplies,available,24.99,24.99,high,low,4,namesilo,,,01/10/2026 22:27
f2a66dbd-2a8c-44ea-9f11-2ac93262eccd,bimbo.supplies,available,24.99,24.99,medium,low,5,namesilo,,,23/09/2026 16:54
a59cf262-8c0a-473f-a5a8-59af3f6f6476,subdue.supplies,available,24.99,24.99,high,low,6,namesilo,,,11/09/2026 07:44
757bd087-0182-4213-bf7a-c75abbd01cef,drum.supplies,available,25.48,32.48,high,low,4,namecheap,,,10/08/2026 18:17
819e648c-19e4-455c-ab3d-8bd6ce7a5ca8,wallpaper.supplies,premium,36.32,72.57,high,low,9,porkbun,,,29/09/2026 08:18
ff98b1cf-30ca-4977-b875-3c73fc071cb7,allosaurus.supplies,available,24.99,24.99,medium,low,10,namesilo,,,18/09/2026 12:05
32b28e14-3511-4fcb-8df2-d1d35adbf1e6,ashtoreth.supplies,available,24.99,24.99,medium,low,9,namesilo,,,20/09/2026 14:02
2a89b939-1a37-403b-9609-0a79c4a6f8c3,willoughby.supplies,available,19.2,19.2,high,low,10,cloudflare,,,28/09/2026 00:32
f4dfee3c-f047-4342-bfea-f02b10c37f50,pistols.supplies,available,20.55,20.55,medium,low,7,dynadot,,,29/09/2026 11:19
152b29c6-28fa-49d3-9993-e92f01bb0525,known.supplies,available,25.48,32.48,high,low,5,namecheap,,,25/09/2026 12:59
525d4675-348a-48ec-bc00-8dbefe542e02,abcs.supplies,available,24.99,24.99,high,low,4,namesilo,,,16/09/2026 14:38
d63a2d4e-7763-4084-abd4-dbe5eb7de24c,backwoods.supplies,available,25.48,32.48,high,low,9,namecheap,,,21/09/2026 14:31
9c21bb90-7398-4b8b-a353-00480f4eb337,roadster.supplies,available,24.99,24.99,high,low,8,namesilo,,,11/08/2026 08:06
754a99a2-3531-4ae6-a554-9df61433e044,predominantly.supplies,available,24.99,24.99,medium,low,13,namesilo,,,01/10/2026 05:46
7697b048-adcb-4656-89cf-3985ec795b44,else.supplies,available,25.48,32.48,high,low,4,namecheap,,,30/09/2026 23:12
88712ffc-380a-4fe4-811f-2887f9f12ec0,shush.supplies,available,19.2,19.2,medium,low,5,cloudflare,,,30/09/2026 21:25
db20eb08-abdd-4c0e-a89e-48a896f96033,kudos.supplies,available,24.99,24.99,high,low,5,namesilo,,,29/09/2026 10:58
19593b5e-7bc0-4b14-84eb-8ca2d9af55e2,resolutely.supplies,available,24.99,24.99,medium,low,10,namesilo,,,14/09/2026 11:12
290c2379-4ff2-4888-aca7-2afbdf601d9d,louvre.supplies,available,19.2,19.2,high,low,6,cloudflare,,,30/09/2026 10:29
d20cc4ff-5e43-4817-9312-00bcd4d9fc06,fitly.supplies,available,24.99,24.99,medium,low,5,namesilo,,,13/09/2026 20:33
72f366a3-931e-4c0b-a2eb-4bd6759cac16,cognate.supplies,available,24.99,24.99,high,low,7,namesilo,,,10/08/2026 15:14
9faa218c-8287-4761-bbdc-8201703de469,playoffs.supplies,available,25.48,32.48,medium,low,8,namecheap,,,30/09/2026 15:19
d5ff15d4-f6c0-4746-a61e-3767b13db4c6,demonstrations.supplies,available,24.99,24.99,medium,low,14,namesilo,,,
11d887b4-8b0e-4d63-b9de-cf0bfbee70fa,dai.supplies,available,24.99,24.99,high,low,3,namesilo,,,26/09/2026 00:53
a4808d2c-3a4b-4326-8fbf-ea192024391f,arabic.supplies,available,24.99,24.99,high,low,6,namesilo,,,22/09/2026 07:33
44665ebe-05e5-4e56-8876-4513f70f7e7f,lonely.supplies,available,19.87,19.87,high,low,6,spaceship,,,28/09/2026 09:45
f9c9018b-1a4c-4362-9e25-0c5a1e51d433,werewolf.supplies,available,19.87,19.87,high,low,8,spaceship,,,01/10/2026 20:23
84939fc9-1aef-48df-a3ff-5d9adf463bb9,wheelchair.supplies,available,19.2,19.2,high,low,10,cloudflare,,,28/09/2026 11:05
c654300f-d059-4bc3-906d-491f1fe6f387,prompts.supplies,available,24.99,24.99,high,medium,7,namesilo,,,20/09/2026 08:06
723a07c1-4b69-4e81-81f0-74b58f7c2035,farley.supplies,available,19.87,19.87,medium,low,6,spaceship,,,30/09/2026 13:41
f67617a8-8852-4f09-a6cb-1d6d7263a711,mingle.supplies,available,24.99,24.99,high,low,6,namesilo,,,22/09/2026 03:11
91a92b69-5625-4b61-a05c-1707f6889b2d,plutonic.supplies,available,24.99,24.99,medium,low,8,namesilo,,,19/09/2026 03:29
78f5cf68-4cdc-4f75-8952-075b5f58eb9a,groceries.supplies,available,20.08,20.08,high,low,9,porkbun,,,28/09/2026 22:55
0ee33916-3a34-4006-b548-58ed91e39594,oversea.supplies,available,24.99,24.99,medium,low,7,namesilo,,,04/09/2026 21:46
594ef710-a49f-42ab-955c-4b73c1e79825,roan.supplies,available,25.48,32.48,high,low,4,namecheap,,,09/09/2026 18:08
4574aa3b-653b-4005-8616-8fb02021d0c5,alibi.supplies,available,25.48,32.48,high,low,5,namecheap,,,18/09/2026 07:24
49ab6158-e1fc-4278-93b9-bc6a8ed9e7a7,trunks.supplies,available,19.2,19.2,medium,low,6,cloudflare,,,28/09/2026 20:26
6326547e-a480-4526-813c-48d39bfcc094,morose.supplies,available,24.99,24.99,medium,low,6,namesilo,,,20/08/2026 15:01
7986b0ff-86e7-4d55-aade-542d75414233,sad.supplies,available,24.99,24.99,high,low,3,namesilo,,,24/09/2026 05:55
d9466cfe-01bd-46b8-b029-71ebe6f94d92,ecru.supplies,available,24.99,24.99,medium,low,4,namesilo,,,09/08/2026 12:26
9adee6b4-ef86-480b-b769-2b2bed69a6e7,winy.supplies,available,24.99,24.99,medium,low,4,namesilo,,,13/09/2026 12:25
108d2b89-bf6d-4351-bc2d-8ce2e8f5cc6e,flyer.supplies,available,24.99,24.99,high,low,5,namesilo,,,11/08/2026 05:11
cdb43c0e-e603-4e25-a202-f183cf45637d,mating.supplies,available,24.99,24.99,high,low,6,namesilo,,,28/09/2026 06:22
26d6dd26-29c1-4847-8049-44d7352e656f,millilitre.supplies,available,24.99,24.99,medium,low,10,namesilo,,,11/08/2026 22:55
86d16e9e-f642-4c39-86c3-2081f8b9ecd9,murderer.supplies,available,24.99,24.99,medium,low,8,namesilo,,,25/09/2026 08:59
3fa0c044-7314-4c07-8d7b-2a4456cd90e8,timeline.supplies,available,24.99,24.99,high,low,8,namesilo,,,27/09/2026 05:39
b67b10a5-6d29-46a3-b4b5-8277a1127e56,arresting.supplies,available,24.99,24.99,high,low,9,namesilo,,,06/08/2026 21:47
031d70d2-cc2f-4b9b-95e9-159dcc033ae2,transparent.supplies,available,19.87,19.87,high,low,11,spaceship,,,30/09/2026 23:31
2a83fd6e-9a99-455d-a6b3-363196d9ba2b,tunnel.supplies,available,24.99,24.99,high,low,6,namesilo,,,25/09/2026 03:48
6c9112e6-8572-472e-b418-9dc9c0ca639a,fair.supplies,available,24.99,24.99,high,medium,4,namesilo,,,22/09/2026 23:43
c31e54a4-633b-4239-9f1a-dcc3009207bc,pupil.supplies,available,19.87,19.87,high,low,5,spaceship,,,28/09/2026 09:33
3db3ce62-9608-4259-a132-77538728568a,serbs.supplies,available,25.48,32.48,medium,low,5,namecheap,,,20/09/2026 12:11
e12a1f6d-b6cd-4faf-bc7f-5b9237125556,bore.supplies,available,24.99,24.99,high,low,4,namesilo,,,24/09/2026 12:50
2cd9fa2f-cbd0-4af6-b939-ba87d77d175b,barbecued.supplies,available,24.99,24.99,medium,low,9,namesilo,,,08/08/2026 16:25
1d563456-d9db-4d8c-b2da-5198a7bb0250,hotel.supplies,premium,220,220,high,medium,5,dynadot,,,29/09/2026 23:01
8d521126-a438-482a-ba99-a198ee69c08d,weighed.supplies,available,19.87,19.87,medium,low,7,spaceship,,,28/09/2026 12:31
306ffd2f-60d2-4947-87a9-3e9ed463e3aa,cannibal.supplies,available,24.99,24.99,medium,low,8,namesilo,,,19/09/2026 13:56
ba75987b-13b3-4784-935b-4a719da3e34d,meuse.supplies,available,25.48,32.48,medium,low,5,namecheap,,,20/09/2026 04:35
82ff2ec0-e123-4255-8f76-c36cb53adf83,bromic.supplies,available,24.99,24.99,medium,low,6,namesilo,,,11/08/2026 05:32
e6207a30-6967-40c5-87b3-40cefc4b2679,arming.supplies,available,24.99,24.99,medium,low,6,namesilo,,,20/09/2026 07:11
fe3a0059-afd9-4f91-995d-055f2f64cf23,liking.supplies,available,24.99,24.99,high,low,6,namesilo,,,28/09/2026 06:09
04e535a9-f380-4429-990d-c511c4f5433d,emancipation.supplies,available,20.08,20.08,high,low,12,porkbun,,,01/10/2026 15:38
75f681b6-d496-4413-8b6f-ca8264fdd818,admass.supplies,available,24.99,24.99,medium,low,6,namesilo,,,17/09/2026 08:43
86505367-3019-4115-911a-f1f2e001d5e6,lucca.supplies,available,24.99,24.99,high,low,5,namesilo,,,29/09/2026 21:45
563dc1bf-1286-44e8-8de9-4b3931bc641d,pyrogen.supplies,available,24.99,24.99,medium,low,7,namesilo,,,09/09/2026 07:01
0d9ea68c-d4a9-485b-8c57-6f4e9ef54702,binger.supplies,available,24.99,24.99,medium,low,6,namesilo,,,23/09/2026 17:33
3d0c1927-a477-40fe-b61b-104a9756d9f0,mount.supplies,available,25.48,32.48,high,low,5,namecheap,,,29/09/2026 10:06
730142de-aae9-4f98-bb7e-a729fce54093,pleaded.supplies,available,24.99,24.99,medium,low,7,namesilo,,,29/09/2026 22:56
c9b9c161-a11e-46ad-9318-a195d058e635,scrappy.supplies,available,24.99,24.99,high,low,7,namesilo,,,09/09/2026 23:48
e8ca033e-39dd-4e58-b5a5-7c66bed3e293,bottoms.supplies,available,25.48,32.48,medium,low,7,namecheap,,,20/09/2026 18:24
ef338d3d-c8e5-4c3e-b6c7-abc2c8ff678a,addresses.supplies,available,32.48,,medium,low,9,namecheap,,,
1c9349eb-e26b-4e7f-841c-9145b24ea685,strenuous.supplies,available,24.99,24.99,medium,low,9,namesilo,,,10/09/2026 21:45
9dc68802-7af8-4c72-857b-791774a4587d,mandatory.supplies,available,25.48,32.48,high,low,9,namecheap,,,23/09/2026 18:22
b27f705b-6f4a-4656-9f75-0c0c4b1a4b88,slipstream.supplies,available,24.99,24.99,high,low,10,namesilo,,,21/09/2026 16:20
4b91fe20-a6ca-4928-b7a0-e6d6f8074748,sewer.supplies,available,19.87,19.87,medium,low,5,spaceship,,,28/09/2026 15:19
041441fd-58ef-4851-897c-f7db8a21a9d7,bps.supplies,available,24.99,24.99,high,low,3,namesilo,,,23/09/2026 22:46
4926d5da-bc2b-4f12-a033-cb779bff0b13,manipulated.supplies,available,24.99,24.99,medium,low,11,namesilo,,,29/09/2026 16:09
382213d7-8414-4db7-91ba-1552fa9dbf15,positioning.supplies,available,19.87,19.87,high,low,11,spaceship,,,29/09/2026 14:53
6195557b-1339-463f-b691-b90444378f9c,abstinent.supplies,available,24.99,24.99,high,low,9,namesilo,,,
abc994ad-ff26-4950-9c5d-496b3afec0eb,pascual.supplies,available,20.08,20.08,medium,low,7,porkbun,,,02/10/2026 02:24
f8c77d89-3189-4ee1-9fb5-5739000ee0da,noticeable.supplies,available,24.99,24.99,high,low,10,namesilo,,,24/09/2026 07:23
70c358f0-2b20-4190-a97d-40be21bda1ba,eventide.supplies,available,24.99,24.99,high,low,8,namesilo,,,17/08/2026 14:48
aa9a8669-dae5-4ab4-81f6-4fbc9b4be618,deprecated.supplies,available,20.55,20.55,medium,low,10,dynadot,,,01/10/2026 22:46
8dc3bf45-813c-42f4-b42d-d2d966cf4b83,invoice.supplies,available,19.2,19.2,high,low,8,cloudflare,,,01/10/2026 17:37
5ade5ca3-0970-4a8e-bf99-c1c9b32f22c1,diy.supplies,premium,242,242,high,low,3,namesilo,,,01/10/2026 01:42
f240fd8b-9442-45e7-ad40-5f12f7c01a27,scrunch.supplies,available,24.99,24.99,medium,low,7,namesilo,,,13/08/2026 07:18
33231b17-fb7c-4201-a333-a9ab3fe18455,abdication.supplies,available,24.99,24.99,medium,low,10,namesilo,,,16/09/2026 14:43
e7429ff0-7616-4883-a1f0-59b891837468,tiny.supplies,available,24.99,24.99,high,medium,4,namesilo,,,22/09/2026 17:13
068fe33a-7541-46ea-8971-8690e75de6bc,newsfeed.supplies,available,25.48,32.48,low,low,9,namecheap,,,17/09/2026 05:41
c205dde4-5b53-4c37-89b9-417e2f60afda,cursory.supplies,available,24.99,24.99,medium,low,7,namesilo,,,13/08/2026 11:41
f5836d76-ff06-4791-a2ba-2c939dbab4ed,calamitous.supplies,available,24.99,24.99,medium,low,10,namesilo,,,11/08/2026 13:28
dd8f1c70-ee78-4a66-8def-99b2518714fa,uterine.supplies,available,24.99,24.99,medium,low,7,namesilo,,,13/09/2026 00:02
4d1ac376-bc77-45d4-bae3-1c835148b71a,betel.supplies,available,24.99,24.99,medium,low,5,namesilo,,,23/09/2026 11:05
5a7a5454-3bb0-4d8b-94e1-e7741f07b1f4,gore.supplies,available,19.87,19.87,medium,low,4,spaceship,,,28/09/2026 19:53
444c89ea-c0c9-4106-9994-5a19067f8661,scully.supplies,available,19.87,19.87,medium,low,6,spaceship,,,28/09/2026 11:43
b8645c53-71af-420c-b1d5-c6a748ca3b75,historical.supplies,available,24.99,24.99,high,low,10,namesilo,,,24/09/2026 10:25
c83d88d7-8563-48ef-b58e-b6e71de72ba2,hank.supplies,available,19.2,19.2,high,low,4,cloudflare,,,29/09/2026 19:07
beccc5bd-ca66-4291-85f5-8d26d6e9043f,joewood.supplies,available,24.99,24.99,medium,low,7,namesilo,,,22/09/2026 04:36
0a1bd900-0679-4cc8-ba61-d87066562808,tapestry.supplies,available,25.48,32.48,high,low,8,namecheap,,,20/09/2026 08:48
25b368eb-4145-4910-bef6-0fcdf9af7f51,declares.supplies,available,41.99,41.99,medium,low,8,godaddy,,,01/10/2026 00:10
6facddbf-1d6a-4e1f-806b-3eb8b923bd31,unions.supplies,available,24.99,24.99,medium,low,6,namesilo,,,30/09/2026 00:35
91dcaa88-349d-4c45-b40e-abd278d65f12,chanted.supplies,available,24.99,24.99,medium,low,7,namesilo,,,12/08/2026 02:00
e18bd605-ebbc-4be1-a58e-1ba4406813f8,confucian.supplies,available,25.48,32.48,high,low,9,namecheap,,,12/08/2026 21:15
1fac2d09-8872-40cd-b5af-fc246d3a5552,reinforcement.supplies,available,24.99,24.99,medium,low,13,namesilo,,,29/09/2026 22:51
6cefbd77-69c4-4d86-921d-f5791246894d,wajda.supplies,available,24.99,24.99,medium,low,5,namesilo,,,19/09/2026 05:01
09f6b68b-e51e-440b-8016-7e5365c5bd7a,howe.supplies,available,19.87,19.87,high,low,4,spaceship,,,30/09/2026 17:09
5332a276-c648-4efc-9bdd-08851c140e67,lassen.supplies,available,24.99,24.99,medium,low,6,namesilo,,,30/09/2026 05:22
e2f145bf-73ae-45bb-8190-70d769a5e4d7,sulfuric.supplies,available,24.99,24.99,medium,low,8,namesilo,,,11/09/2026 01:29
f659d745-bacd-427e-9cd5-f3bd5a079323,catalan.supplies,available,24.99,24.99,high,low,7,namesilo,,,11/08/2026 20:50
a4cecb99-62f9-4ac0-9723-f088f7a36d5e,based.supplies,available,19.2,19.2,high,medium,5,cloudflare,,,29/09/2026 17:50
53ac29e1-5b05-45fd-8647-2ab8e996e202,penumbral.supplies,available,24.99,24.99,medium,low,9,namesilo,,,08/09/2026 15:25
59c53ed4-a7ba-4005-8cf9-b9d9d23d9ac8,undyed.supplies,available,24.99,24.99,medium,low,6,namesilo,,,12/09/2026 02:08
ec4b92ba-1baa-4608-8bc1-055f02960ade,shark.supplies,available,24.99,24.99,high,low,5,namesilo,,,25/09/2026 10:40
af50ff83-e12f-4432-982c-9cbce61e7e0d,lanka.supplies,available,24.99,24.99,high,low,5,namesilo,,,25/09/2026 15:46
c627b6b3-e419-442c-9e8b-c9a29fd5ceb9,agha.supplies,available,24.99,24.99,medium,low,4,namesilo,,,17/09/2026 15:59
ca4eb83f-bb2d-41b3-9e2b-cd2eea3801f6,tripartite.supplies,available,24.99,24.99,medium,low,10,namesilo,,,11/09/2026 14:23
9dad563f-9763-4bb8-8a20-8087e339d164,sesame.supplies,available,24.99,24.99,high,low,6,namesilo,,,23/09/2026 08:27
818a6d69-1ad8-4399-8817-e50d38cb349b,gnomish.supplies,available,24.99,24.99,medium,low,7,namesilo,,,20/08/2026 15:45
a465c58e-71f9-4a3b-aea5-5c9199b2bc70,weasel.supplies,available,19.87,19.87,high,low,6,spaceship,,,29/09/2026 08:19
68f0fe96-decd-4430-a757-b78668f3eabf,phrases.supplies,available,24.99,24.99,medium,low,7,namesilo,,,
c27f1039-28a5-4e2f-81ec-9ac6c293698b,tim.supplies,available,24.99,24.99,high,medium,3,namesilo,,,25/09/2026 11:26
dc38c510-e6d1-4bfe-a24c-fd4f82ef9478,intellect.supplies,available,24.99,24.99,high,low,9,namesilo,,,28/09/2026 07:56
f2b4a0d6-b37e-45bd-adba-883ef84e247e,traces.supplies,available,19.87,19.87,medium,low,6,spaceship,,,28/09/2026 08:47
89d26128-8788-423c-920c-3972aab9606a,runaway.supplies,available,24.99,24.99,high,low,7,namesilo,,,18/08/2026 17:46
4eb55f2e-70e4-4c97-bdee-75cc8c499eb7,voluntary.supplies,available,24.99,24.99,high,low,9,namesilo,,,13/09/2026 07:07
d7468c59-8547-4e93-a92a-7f1e8341da65,mae.supplies,available,19.2,19.2,high,low,3,cloudflare,,,27/09/2026 18:26
78b532ac-27af-4601-8031-e16901408d7e,marketing.supplies,premium,68.51,68.51,high,medium,9,spaceship,,,01/10/2026 17:41
79f1c87f-80b5-4c21-bdc9-6c1b20348f3a,aphotic.supplies,available,24.99,24.99,medium,low,7,namesilo,,,05/08/2026 23:37
5afeb20c-151e-4132-b889-2ec785ac1bf9,admiring.supplies,available,19.2,19.2,high,low,8,cloudflare,,,30/09/2026 19:19
9e011fb9-916a-4a7d-8635-20520c5100e0,overcome.supplies,available,19.87,19.87,high,low,8,spaceship,,,28/09/2026 05:30
42c153b9-3787-4e4e-abc5-0f19a4f054ee,tingle.supplies,available,24.99,24.99,medium,low,6,namesilo,,,11/09/2026 16:11
ef716bb5-b5fd-4c6f-abdf-39cdaa266315,critically.supplies,available,19.2,19.2,medium,low,10,cloudflare,,,28/09/2026 14:26
8331ce4b-d952-424e-8925-34f5c114016c,administrator.supplies,available,19.87,19.87,high,low,13,spaceship,,,29/09/2026 14:19
95a90de5-4d9e-4434-a2df-f634245fc823,joaquin.supplies,available,24.99,24.99,medium,low,7,namesilo,,,25/09/2026 16:17
0f6dd300-c719-42f6-82af-3f3b7e25aec1,unvented.supplies,available,24.99,24.99,medium,low,8,namesilo,,,12/09/2026 22:11
feafae6c-6ddd-4ce5-8fbd-c0c864fef96a,shopper.supplies,available,24.99,24.99,high,low,7,namesilo,,,01/10/2026 02:32
42ef110b-1f97-4b22-8f9e-0ecac0f459ee,deterrent.supplies,available,24.99,24.99,medium,low,9,namesilo,,,14/08/2026 04:48
43d73b23-2246-41e0-96a2-a8b12a9aca63,arnhem.supplies,available,24.99,24.99,medium,low,6,namesilo,,,20/09/2026 08:09
39594510-63f5-49c7-aadf-c649682a6256,modern.supplies,resell,,,high,low,6,Dynadot Inc,25/09/2025 01:40,25/09/2027 01:40,26/09/2026 07:36
20eeee24-d974-4ae6-bb1e-1ca1e5b7468f,zilch.supplies,available,24.99,24.99,medium,low,5,namesilo,,,03/09/2026 22:42
db15a9e3-8d95-4c65-9e8e-1477bd6c2de5,staged.supplies,available,25.48,32.48,high,low,6,namecheap,,,10/09/2026 18:02
ff7dc960-92f3-440c-87d6-180033abf719,errors.supplies,available,24.99,24.99,medium,low,6,namesilo,,,17/09/2026 17:09
88ee07d1-95a5-4817-b902-61bcdcc7c9c2,confines.supplies,available,25.48,32.48,high,low,8,namecheap,,,24/09/2026 17:13
14e1833e-6ba5-42ff-94cc-3014c7cb0b00,blocks.supplies,available,25.48,32.48,high,low,6,namecheap,,,17/09/2026 21:52
10280716-1108-46a8-b82e-f77443a03d08,intestine.supplies,available,19.87,19.87,medium,low,9,spaceship,,,29/09/2026 18:03
e7d84089-96a3-434f-8c5c-2f3b6f311ec9,sigh.supplies,available,19.87,19.87,high,low,4,spaceship,,,29/09/2026 20:20
aec7dd13-57e1-4ec6-b831-1e05ee572657,knives.supplies,available,20.55,20.55,medium,low,6,dynadot,,,28/09/2026 05:00
3b99b917-8827-47c4-bdd1-54ffb6a7c453,publications.supplies,available,19.87,19.87,medium,low,12,spaceship,,,30/09/2026 15:38
dd277bad-572b-439a-81db-66a1442c60c1,asd.supplies,available,19.87,19.87,high,low,3,spaceship,,,29/09/2026 22:02
54fea887-5046-4397-a6b0-c894ec2159c7,iridescent.supplies,available,24.99,24.99,high,low,10,namesilo,,,12/08/2026 03:15
071a2c36-f0a9-4238-8181-c335c58d64cd,gloomy.supplies,available,24.99,24.99,medium,low,6,namesilo,,,14/08/2026 11:40
828dc352-44c2-40b3-8fdf-de6d00bbf610,survivor.supplies,available,24.99,24.99,high,low,8,namesilo,,,28/09/2026 10:58
1b26d2cc-495d-4de8-9cf7-8dbc67ba4289,dante.supplies,available,25.48,32.48,high,low,5,namecheap,,,28/09/2026 05:29
40b85443-5768-420c-be26-1fba3e0b0423,acknowledged.supplies,available,25.48,32.48,high,low,12,namecheap,,,01/10/2026 22:30
b7b16ced-dae1-41a9-8686-c5b8f15419d0,rebel.supplies,available,24.99,24.99,high,medium,5,namesilo,,,22/08/2026 07:47
358d4833-b404-4a32-ac3f-ceb11d776521,operator.supplies,available,24.99,24.99,high,low,8,namesilo,,,25/09/2026 23:32
eb760b20-b472-466a-9de8-7042d2ad3d83,dealers.supplies,available,24.99,24.99,high,low,7,namesilo,,,28/09/2026 09:08
b26868c8-d669-4aa5-9329-00f984b57c0d,subsets.supplies,available,24.99,24.99,medium,low,7,namesilo,,,21/09/2026 01:05
8074f4cc-958a-4665-b943-4585ccb7087b,ownerless.supplies,available,24.99,24.99,medium,low,9,namesilo,,,04/09/2026 22:18
43117f73-a723-4327-825d-9daebf515bf7,contained.supplies,available,24.99,24.99,high,low,9,namesilo,,,23/09/2026 21:42
efa5c97d-09d1-4b9f-92bf-b9384324a95d,examine.supplies,available,24.99,24.99,high,low,7,namesilo,,,30/09/2026 07:28
f9b631cd-9a5d-45e0-ab7a-4e8f9345834c,built.supplies,available,24.99,24.99,high,low,5,namesilo,,,23/09/2026 10:20
7c08e05c-260a-4b57-b5ae-9551694d8acb,requester.supplies,available,24.99,24.99,medium,low,9,namesilo,,,11/09/2026 03:33
502eb564-b271-44ec-99ba-360dda08146d,fresnel.supplies,available,25.48,32.48,high,low,7,namecheap,,,21/09/2026 04:00
dfdf38e3-8f59-495b-b243-0feefeb7eafe,shoreward.supplies,available,24.99,24.99,medium,low,9,namesilo,,,22/08/2026 07:00
f23e99dc-fecf-45f9-b8dd-fd1fa08b73fa,attache.supplies,available,24.99,24.99,high,low,7,namesilo,,,21/09/2026 01:04
b4c19a1f-fd09-4f43-bab7-ff34454c30bb,polyhedral.supplies,available,24.99,24.99,medium,low,10,namesilo,,,08/09/2026 23:24
72f08020-f919-42d1-9ab4-048b4f24abb4,millennial.supplies,available,24.99,24.99,high,low,10,namesilo,,,24/08/2026 23:16
abc4042a-a1e7-4dbf-aab1-f4b36aacb3eb,cater.supplies,available,19.2,19.2,high,low,5,cloudflare,,,01/10/2026 03:18
405ae090-4bf0-4330-9184-0800ee32b0f7,bits.supplies,available,24.99,24.99,high,low,4,namesilo,,,
67f41202-0719-4561-b560-5aa0420c2e7d,volition.supplies,available,24.99,24.99,high,low,8,namesilo,,,13/09/2026 12:00
0dda8b0c-5c0c-479a-96db-d8fe53ac1124,lecture.supplies,available,24.99,24.99,high,low,7,namesilo,,,30/09/2026 02:40
9a8d23a9-c14c-4e9b-88a6-632bde5738c7,vaporous.supplies,available,24.99,24.99,medium,low,8,namesilo,,,12/08/2026 14:34
562791e8-0195-4155-89d1-ea6e5ca06208,cupcake.supplies,premium,82.5,82.5,high,low,7,name.com,,,24/09/2026 20:16
2cc4c9f7-1c3d-4cf8-8ebd-83ffee21f806,jacobson.supplies,available,24.99,24.99,high,low,8,namesilo,,,28/09/2026 04:07
730ffd7d-5545-41cf-ab35-0d31daf08ecf,acrylic.supplies,available,24.99,24.99,high,low,7,namesilo,,,17/09/2026 04:05
c8144ba2-8631-45ff-b25b-d561ee59327f,destinations.supplies,available,24.99,24.99,high,low,12,namesilo,,,20/09/2026 11:44
53799abe-83fa-45c3-988b-64c08e4191a4,synchronise.supplies,available,19.87,19.87,high,low,11,spaceship,,,01/10/2026 19:48
fcfe892e-18e2-4560-b4cc-e393d25d4866,report.supplies,available,20.08,20.08,high,low,6,porkbun,,,30/09/2026 05:37
5b396364-c350-465d-9cc9-b243d25c5060,visualization.supplies,available,19.87,19.87,high,low,13,spaceship,,,02/10/2026 01:37
1fd6136e-39e8-4c1a-ba8c-9ecd7ee233e5,turbulence.supplies,available,19.87,19.87,high,low,10,spaceship,,,29/09/2026 08:09
5c16d328-16a7-4e68-8b93-ec0438eeddd5,attalea.supplies,available,25.48,32.48,medium,low,7,namecheap,,,21/09/2026 01:14
6ed1f89a-1516-4649-907c-d3854340cca9,michigan.supplies,available,24.99,24.99,high,low,8,namesilo,,,28/09/2026 05:53
5463d8d1-7d1d-4fbf-9999-dc892fd9ce75,chatterbox.supplies,available,24.99,24.99,high,low,10,namesilo,,,21/09/2026 12:28
2377e742-ac4a-4a6d-9ce5-12a799a66444,shrine.supplies,available,24.99,24.99,high,low,6,namesilo,,,28/09/2026 10:54
ec14afa9-dd8b-4ab0-a29c-49bd12b023b4,eric.supplies,available,24.99,24.99,high,medium,4,namesilo,,,25/09/2026 11:25
fa0bab63-4ced-4054-8f1b-bb2e8b2e20be,aleppo.supplies,available,24.99,24.99,high,low,6,namesilo,,,18/09/2026 05:13
5c9fb3ad-588d-41ed-9872-d0b9252461ed,haunted.supplies,available,24.99,24.99,high,low,7,namesilo,,,21/08/2026 01:31
c7b1e73e-9c66-4bfd-afbb-e2e6442ea441,unattended.supplies,available,24.99,24.99,medium,low,10,namesilo,,,12/09/2026 01:17
527d8d7f-9d98-4521-b06c-6f03963b7cbd,icky.supplies,available,24.99,24.99,medium,low,4,namesilo,,,13/08/2026 05:07
2c935cad-15e2-4059-8e99-d24001a86161,drawers.supplies,available,20.55,20.55,medium,low,7,dynadot,,,29/09/2026 06:06
ef9d7a4c-5e9b-4995-9aec-c11ed929c12d,speculation.supplies,available,32.48,,high,low,11,namecheap,,,
f2ffa9aa-8c5b-41ea-b829-b27b2f76da43,ying.supplies,available,19.87,19.87,medium,low,4,spaceship,,,28/09/2026 11:38
f2e4c0f5-d908-4fff-aca3-329f6a7580ea,lan.supplies,available,19.2,19.2,high,low,3,cloudflare,,,30/09/2026 02:02
f1b591ab-b1c8-4669-849c-52c8f0e5a3fc,landfill.supplies,available,19.87,19.87,high,low,8,spaceship,,,29/09/2026 07:27
43993592-741b-40b3-86e2-e5f474b0e66d,averroes.supplies,available,25.48,32.48,medium,low,8,namecheap,,,16/09/2026 18:56
7740a131-dc04-4d2e-9439-3711f0b6c675,estragon.supplies,available,25.48,32.48,medium,low,8,namecheap,,,20/09/2026 10:19
a42ee210-9b29-4d10-831c-26ecae4f3729,proportions.supplies,available,24.99,24.99,high,low,11,namesilo,,,17/09/2026 11:38
7b8a6cbb-eaae-4245-a6ef-ff15fc75688f,amenity.supplies,available,25.48,32.48,high,low,7,namecheap,,,17/09/2026 19:17
50d0d40c-75a3-4fd3-84f1-b02e57476273,spectacles.supplies,available,19.87,19.87,high,low,10,spaceship,,,02/10/2026 04:47
44cba155-eed2-4ff0-b1fb-bb52ca9be1b2,diluvian.supplies,available,24.99,24.99,medium,low,8,namesilo,,,14/08/2026 07:51
198915ae-1136-464c-b4fc-384d724111fb,acquisitions.supplies,available,20.08,20.08,medium,low,12,porkbun,,,01/10/2026 18:34
277ffe7c-2bb6-4fa5-bfcb-9f5f7de7d298,activeness.supplies,available,24.99,24.99,medium,low,10,namesilo,,,17/09/2026 05:11
1e7c4643-cfea-4903-a2ba-50da3dae7f32,equestrian.supplies,premium,78.54,78.54,high,low,10,namesilo,,,17/08/2026 11:42
a528b11c-07dd-497b-aef0-a5250270b685,tahoe.supplies,available,24.99,24.99,high,low,5,namesilo,,,02/10/2026 02:57
2e5f6fd7-df24-4f5b-bfe3-213a0c5d47ef,workman.supplies,available,19.2,19.2,high,low,7,cloudflare,,,01/10/2026 22:04
4c98cd37-3622-4d89-91c7-e30789cb1a39,acinonyx.supplies,available,24.99,24.99,medium,low,8,namesilo,,,17/09/2026 01:31
b41df7ad-2be7-43d8-b040-53ded7f75890,turns.supplies,available,24.99,24.99,medium,low,5,namesilo,,,18/09/2026 14:48
c1e40dd0-8f0a-4a6e-809d-25175fb73822,appoint.supplies,available,24.99,24.99,high,low,7,namesilo,,,30/09/2026 15:13
41f0bcee-ec19-4102-ab4e-a74232252de8,appreciative.supplies,available,19.87,19.87,high,low,12,spaceship,,,01/10/2026 21:37
87f3b022-5967-4273-9a29-e7ecc5b5a3c7,acclaim.supplies,available,25.48,32.48,high,low,7,namecheap,,,16/09/2026 22:32
5a43ca1c-904f-44e0-bdd3-b2d6178f8627,coded.supplies,available,24.99,24.99,high,low,5,namesilo,,,30/09/2026 04:05
275f5f98-f81e-453d-8132-3a205ecf9e88,poached.supplies,available,24.99,24.99,medium,low,7,namesilo,,,10/08/2026 17:34
6934af10-5bd9-4621-b06b-eb1c67c3da63,shelf.supplies,available,24.99,24.99,high,low,5,namesilo,,,30/09/2026 02:43
2908e9ec-9f68-426a-aeb9-90f73a3074a0,upstate.supplies,available,24.99,24.99,high,low,7,namesilo,,,16/09/2026 10:25
fd1121c8-a5d8-4e26-8e33-c228dab565fc,gray.supplies,available,24.99,24.99,high,low,4,namesilo,,,24/09/2026 22:57
7595daba-21c0-422e-9f01-5e377a2194b8,screwdriver.supplies,available,19.2,19.2,high,low,11,cloudflare,,,01/10/2026 04:34
aea2df3f-32c7-44c5-a058-707d97c0061e,alosa.supplies,available,24.99,24.99,medium,low,5,namesilo,,,18/09/2026 13:26
3a326a75-185b-4f19-9c9c-1f97d092cf51,parented.supplies,available,24.99,24.99,high,low,8,namesilo,,,08/09/2026 01:16
5b21ec20-c41d-42e9-963e-af4c9863dca7,gleefully.supplies,available,25.48,32.48,medium,low,9,namecheap,,,14/09/2026 21:28
3830b711-57e6-41c0-9119-30332ce20d60,censorship.supplies,available,19.87,19.87,medium,low,10,spaceship,,,29/09/2026 06:17
32d2d22c-e106-4ae3-b242-a23f2b7eccfc,wiping.supplies,available,24.99,24.99,high,low,6,namesilo,,,01/10/2026 06:02
e742cfb4-e7f8-4624-9c7c-f6975399d86f,enlarged.supplies,available,24.99,24.99,high,low,8,namesilo,,,22/09/2026 22:37
b5d4245f-736a-4553-9184-2f28d55838a1,vice.supplies,available,24.99,24.99,high,low,4,namesilo,,,30/09/2026 14:26
f7be318d-2e30-4948-9636-8e079a7dfd49,cleave.supplies,available,24.99,24.99,medium,low,6,namesilo,,,24/09/2026 15:43
1f16d867-95ed-440e-9b3a-7cc5f741b462,archly.supplies,available,24.99,24.99,medium,low,6,namesilo,,,13/09/2026 20:39
9dca85de-97bf-409c-8918-4bd5f295388c,prostatic.supplies,available,24.99,24.99,medium,low,9,namesilo,,,09/09/2026 03:53
5a691b26-e708-46f2-b4a4-2acee2c1215a,shove.supplies,available,20.08,20.08,high,low,5,porkbun,,,30/09/2026 11:14
7ccae523-44c2-49be-894e-0708e60c193b,authorized.supplies,available,24.99,24.99,high,low,10,namesilo,,,22/09/2026 13:48
aee073c4-0140-40e7-b792-1f9b2db30a5e,vladivostok.supplies,available,19.2,19.2,high,low,11,cloudflare,,,29/09/2026 15:13
990ffa2b-dc76-40fb-a992-791a85ecf2b8,renton.supplies,available,24.99,24.99,high,low,6,namesilo,,,01/10/2026 11:20
80e61cd9-00ad-4ca3-8db6-c652c92f095d,kinsey.supplies,available,25.48,32.48,high,low,6,namecheap,,,18/09/2026 06:26
57625c14-0439-4abb-915d-200a15a0f8ea,wino.supplies,available,25.48,32.48,medium,low,4,namecheap,,,14/08/2026 20:26
fd64a554-43a2-4bd6-a286-958d4840db2c,manchurian.supplies,available,24.99,24.99,high,low,10,namesilo,,,24/08/2026 14:34
1c420dee-30f0-4c5d-b8ed-8965ffd7d3d2,cherries.supplies,available,19.87,19.87,high,low,8,spaceship,,,01/10/2026 17:14
e7737382-49b4-43a9-b4fc-a0e53a003578,syndrome.supplies,available,24.99,24.99,medium,low,8,namesilo,,,30/09/2026 12:45
f8fdd9c5-3c2c-4d2f-b710-e2149913f032,singaporean.supplies,available,19.87,19.87,high,low,11,spaceship,,,30/09/2026 11:33
5c20d4c9-08ce-4441-b55c-a6fa048e9821,truelove.supplies,available,24.99,24.99,medium,low,8,namesilo,,,10/09/2026 19:36
1e582468-27f1-4b80-8707-8eb960b950da,commodore.supplies,available,24.99,24.99,high,low,9,namesilo,,,29/09/2026 11:55
8725fb71-ec67-40e1-afd4-60f4801dc359,palpitant.supplies,available,24.99,24.99,medium,low,9,namesilo,,,05/09/2026 00:17
b53dd1b8-3614-4a0f-a9ff-da1de0a9a666,pickle.supplies,available,24.99,24.99,high,low,6,namesilo,,,29/09/2026 06:57
4c6cf3a8-254d-4e80-af42-47f197cd1235,gould.supplies,available,24.99,24.99,high,low,5,namesilo,,,25/09/2026 06:39
6cd41ef8-ec87-4a2d-bf8b-83d1db85fdaa,gaming.supplies,premium,42.9,42.9,high,low,6,namecheap,,,29/09/2026 20:33
05a7073c-b169-4f5b-bbd3-cc8eef07b4ee,volk.supplies,available,24.99,24.99,high,low,4,namesilo,,,30/09/2026 23:28
05728739-d3cd-4b8f-9d9e-1ae3ab9b4ca7,tongue.supplies,available,19.87,19.87,high,low,6,spaceship,,,29/09/2026 20:52
94ce8c8d-fb45-421f-9335-3cfb2cfe3946,anhidrosis.supplies,available,24.99,24.99,medium,low,10,namesilo,,,19/09/2026 07:47
c4289b0a-a6a9-4ff0-b167-e267e3c0dbe8,nephews.supplies,available,19.87,19.87,medium,low,7,spaceship,,,02/10/2026 03:22
9c0bb1bb-e34b-46a8-bf1b-ef9f27ad2cd0,whiff.supplies,available,24.99,24.99,high,low,5,namesilo,,,09/09/2026 05:39
c9ab0d09-b35f-4ba2-ab9d-4aa053a32a49,growling.supplies,available,19.87,19.87,medium,low,8,spaceship,,,30/09/2026 09:58
5b761b7d-2d98-40a7-b061-aa7f93ed3aff,xlvi.supplies,available,24.99,24.99,medium,low,4,namesilo,,,
6ce13986-fb03-437b-b0fc-cf2156a228a1,crumbly.supplies,available,24.99,24.99,medium,low,7,namesilo,,,13/08/2026 09:02
77520335-12ec-4601-a3c9-675cec614727,peddling.supplies,available,24.99,24.99,high,low,8,namesilo,,,30/09/2026 02:33
f585476b-7b20-4fff-8a85-dac223b32e46,parentage.supplies,available,24.99,24.99,high,low,9,namesilo,,,08/09/2026 13:25
a6aebf7e-5b17-4ccc-b8cc-7db5acd18e8c,mediatory.supplies,available,25.48,32.48,medium,low,9,namecheap,,,24/08/2026 18:55
bbc3ebc4-d5d0-429a-b329-e1cf748b6233,immovable.supplies,available,25.48,32.48,medium,low,9,namecheap,,,21/08/2026 21:17
cf96a6d6-ab16-4c07-a0b1-7c90678aaaca,mayer.supplies,available,24.99,24.99,high,low,5,namesilo,,,25/09/2026 09:10
5f8ae18c-e98d-4823-b832-7cb41974b7aa,aerie.supplies,available,,,high,medium,5,,,,
3cb41461-c636-4915-ad38-ebc8f659f080,misses.supplies,available,20.08,20.08,high,low,6,porkbun,,,01/10/2026 11:41
48f5217d-ad50-4260-8bc7-abd1343dfd0e,nantucket.supplies,available,20.08,20.08,medium,low,9,porkbun,,,28/09/2026 19:57
e4869525-c80f-4577-9653-4b91641f7709,boleyn.supplies,available,24.99,24.99,medium,low,6,namesilo,,,19/09/2026 10:12
b7e62581-423c-495b-8dad-a116eca34cc6,vagrant.supplies,available,25.48,32.48,high,low,7,namecheap,,,14/08/2026 19:18
8fc92703-42c4-4337-ad04-e10b2df0f8da,baroness.supplies,available,24.99,24.99,high,low,8,namesilo,,,22/09/2026 07:21
745f0349-d3e9-4baf-ae91-480fc3029fa8,blacksburg.supplies,available,24.99,24.99,medium,low,10,namesilo,,,24/09/2026 02:57
8a4aaa4f-f82a-4288-adb5-1f7a85557bcf,reichstag.supplies,available,24.99,24.99,medium,low,9,namesilo,,,28/09/2026 16:30
6c67bfe4-63c9-4103-afd6-c00044163b3d,mockery.supplies,available,24.99,24.99,medium,low,7,namesilo,,,22/08/2026 12:39
7be62ebd-997d-47e7-a624-834b152bd57d,veterinary.supplies,premium,242,242,high,low,10,namesilo,,,13/09/2026 05:00
f976e1b5-da2e-40c6-b79b-b66479c140ce,tagore.supplies,available,20.08,20.08,medium,low,6,porkbun,,,30/09/2026 02:38
7b4cc7c1-594a-421a-9413-59984691b238,bluetooth.supplies,available,19.2,19.2,high,low,9,cloudflare,,,01/10/2026 22:07
1eed1a62-f07b-476e-8a85-2988cbc930fe,assembled.supplies,available,24.99,24.99,medium,low,9,namesilo,,,28/09/2026 23:20
d0814b27-abc1-4b39-9995-26f4360fe8f9,hewn.supplies,available,24.99,24.99,medium,low,4,namesilo,,,20/08/2026 23:16
5bdf0b9c-d3bc-4280-91f0-bfdcfa96bb69,selection.supplies,available,20.08,20.08,high,low,9,porkbun,,,28/09/2026 07:48
0a292fde-42c7-4d27-912f-dce94825bf95,longing.supplies,available,19.87,19.87,medium,low,7,spaceship,,,28/09/2026 19:43
8a227169-8903-4b17-a08c-239ce74f06ae,neptunium.supplies,available,24.99,24.99,medium,low,9,namesilo,,,21/09/2026 00:09
1e12fa42-97f4-4fb9-a502-d5a8f2999f9d,ishmael.supplies,available,25.48,32.48,high,low,7,namecheap,,,04/09/2026 19:10
5645495a-0ad9-4af3-907e-dd0ee2c9d1aa,stumps.supplies,available,24.99,24.99,medium,low,6,namesilo,,,
60d2aaa4-51f4-4202-8dfa-556a688ba2be,sheriffs.supplies,available,24.99,24.99,medium,low,8,namesilo,,,02/10/2026 03:01
d258c041-dba5-45b9-9816-28093d26ce48,proposition.supplies,available,25.48,32.48,high,low,11,namecheap,,,28/09/2026 03:24
ffe1d4ea-13a8-4419-9b27-f8fe88161055,snotty.supplies,available,24.99,24.99,medium,low,6,namesilo,,,09/08/2026 20:42
3f377c3e-69dd-443f-b902-85a0634778d0,carcass.supplies,available,19.2,19.2,medium,low,7,cloudflare,,,01/10/2026 18:54
6d0d0f5a-2c88-41e3-8d2b-4237eee8ad3b,guide.supplies,available,19.2,19.2,high,low,5,cloudflare,,,29/09/2026 21:42
af75c7f7-23c1-45b0-ae9e-c1b5771e67bf,dorothea.supplies,available,20.55,20.55,medium,low,8,dynadot,,,28/09/2026 07:54
e94addce-e053-44c1-859a-a8b40b28ac92,disunite.supplies,available,24.99,24.99,medium,low,8,namesilo,,,14/08/2026 11:14
469db483-b90a-4cf6-9945-d18194440d95,endure.supplies,available,24.99,24.99,high,low,6,namesilo,,,11/08/2026 02:41
67315041-af71-49f8-b3ac-2ee90ecb826a,dubrovnik.supplies,available,25.48,32.48,medium,low,9,namecheap,,,01/10/2026 19:16
45f508eb-1ca8-4343-8991-cdc8947cf6bb,physicians.supplies,available,19.87,19.87,high,low,10,spaceship,,,30/09/2026 00:16
55278a6f-5c9e-40cc-b4ae-dfc8247b8c7d,euro.supplies,available,19.87,19.87,high,low,4,spaceship,,,30/09/2026 17:14
0726e8d0-2131-487d-b29b-a84af73caca6,sniff.supplies,available,19.87,19.87,high,low,5,spaceship,,,30/09/2026 11:21
2bdc9682-679c-4bf3-8339-2d33a9075089,rotated.supplies,available,24.99,24.99,medium,low,7,namesilo,,,27/09/2026 14:36
11367d8a-6bc0-411b-a1e3-721fd08de793,pronounce.supplies,available,19.2,19.2,high,low,9,cloudflare,,,30/09/2026 19:07
febf3e9f-dbcc-4c0c-b3cb-88a63a523420,abigail.supplies,available,19.87,19.87,high,low,7,spaceship,,,29/09/2026 02:47
cf25f382-db74-4bb1-a222-aa1f26164e18,flu.supplies,available,25.48,32.48,high,low,3,namecheap,,,29/09/2026 19:35
32c45621-e38c-4fe2-a4f4-01e4693bc535,arp.supplies,available,24.99,24.99,high,low,3,namesilo,,,20/09/2026 08:35
d7d05177-3289-4362-af57-b408e5306544,offensive.supplies,available,24.99,24.99,high,low,9,namesilo,,,14/08/2026 22:05
f9b74db1-0b0b-44ad-ae28-55276142a952,association.supplies,available,19.87,19.87,high,low,11,spaceship,,,27/09/2026 21:32
62b8acb2-41df-446c-97a1-80e1d63839bb,priest.supplies,available,24.99,24.99,high,low,6,namesilo,,,27/09/2026 04:53
fa34db1e-bd2d-4deb-b9bb-a61b40df095c,inclement.supplies,available,24.99,24.99,medium,low,9,namesilo,,,22/08/2026 01:31
5285a959-8d77-4f95-a23d-84a680396d0d,clowns.supplies,available,19.2,19.2,medium,low,6,cloudflare,,,30/09/2026 07:41
6a5c0e8c-8163-4f07-b16d-c6ac668f8014,speaks.supplies,available,24.99,24.99,medium,low,6,namesilo,,,16/09/2026 07:20
4b830b80-8c5e-4922-9ac9-a061c0d87a38,answering.supplies,available,24.99,24.99,high,low,9,namesilo,,,22/09/2026 05:38
156402ed-0ad9-4b6e-9c05-79ce506be803,polls.supplies,available,24.99,24.99,high,low,5,namesilo,,,29/09/2026 07:53
a39f375e-4e9b-434f-88b1-c09f86539637,agrology.supplies,available,25.48,32.48,medium,low,8,namecheap,,,17/09/2026 19:36
d737ea33-c2ce-4840-b92d-2b46f67bd075,uttered.supplies,available,24.99,24.99,medium,low,7,namesilo,,,17/08/2026 18:44
fd5b06d4-7d54-452d-8567-d0ffcd023a87,reprints.supplies,available,20.55,20.55,medium,low,8,dynadot,,,28/09/2026 09:09
b43444a1-5652-44e9-a3b2-79051c3957ea,neurotoxic.supplies,available,24.99,24.99,medium,low,10,namesilo,,,03/09/2026 16:25
bdaf26d9-31de-43ce-b38d-d4469a7833fe,recreate.supplies,available,24.99,24.99,high,low,8,namesilo,,,24/09/2026 14:10
d8987581-1198-4cb3-a867-1c33082a1415,deutsch.supplies,available,24.99,24.99,high,low,7,namesilo,,,28/09/2026 11:22
f1a46b2d-ff46-4839-ab4b-0499f445f1c0,terribly.supplies,available,24.99,24.99,medium,low,8,namesilo,,,22/09/2026 15:23
cd9e15b5-4a9d-4dc2-bf7b-7db8d2fa6783,floors.supplies,available,19.87,19.87,medium,low,6,spaceship,,,27/09/2026 22:02
8e8d7226-67f5-456f-b734-a076e8767d2c,launching.supplies,available,19.87,19.87,high,low,9,spaceship,,,29/09/2026 00:37
946e1e5e-a87f-453e-aa60-7dcedd01bdde,comfy.supplies,available,24.99,24.99,high,low,5,namesilo,,,23/09/2026 15:10
d2fdd73a-e70f-4676-8833-793cc278160d,fondly.supplies,available,25.48,32.48,high,low,6,namecheap,,,14/09/2026 19:12
b3e88c4e-5682-49e7-8862-e1a1d82b57e0,repetition.supplies,available,19.2,19.2,high,low,10,cloudflare,,,30/09/2026 02:41
fe864c21-f0fc-4c44-bcef-f25ff4682a3d,beaker.supplies,available,24.99,24.99,high,low,6,namesilo,,,22/09/2026 19:45
2772ada5-0595-4326-9161-48576e04c8bf,scapular.supplies,available,24.99,24.99,medium,low,8,namesilo,,,09/09/2026 22:51
42b565a2-141e-44c8-a1e2-0cdf38e26cd6,burrows.supplies,available,19.87,19.87,medium,low,7,spaceship,,,29/09/2026 03:16
639628ce-f42a-42bd-ab7e-806651047c34,amentia.supplies,available,25.48,32.48,medium,low,7,namecheap,,,18/09/2026 19:00
bf85bcb7-536c-4cb9-b8dc-87e055dd284e,share.supplies,available,25.48,32.48,high,medium,5,namecheap,,,29/09/2026 11:30
35452051-f785-4b83-8283-edcd3e97b4fb,unaccented.supplies,available,24.99,24.99,medium,low,10,namesilo,,,11/09/2026 23:32
a6f12296-5e8b-454d-aa4e-745f0717aa8e,axis.supplies,available,20.55,20.55,high,medium,4,dynadot,,,28/09/2026 23:58
ae884f1f-a8d0-417c-9350-6cd44973d8d1,worn.supplies,available,24.99,24.99,high,low,4,namesilo,,,23/09/2026 12:58
db4ae91c-cbab-435d-a1c4-79d328351aa9,spangly.supplies,available,25.48,32.48,medium,low,7,namecheap,,,18/08/2026 21:20
fbd6f125-71f4-46a3-8bd2-5afb8ae2e696,undisturbed.supplies,available,24.99,24.99,high,low,11,namesilo,,,30/09/2026 12:13
8e79bec9-ce29-404d-a881-5d7c30762c15,penetration.supplies,available,24.99,24.99,medium,low,11,namesilo,,,08/09/2026 15:09
2878b227-5f2a-44ce-84ee-a309aadbaa3c,drought.supplies,available,20.55,20.55,medium,low,7,dynadot,,,29/09/2026 12:05
02b33b96-53a0-4f43-a142-966057ef9aea,bethesda.supplies,available,24.99,24.99,high,low,8,namesilo,,,01/10/2026 23:20
f8aa32dc-2964-4028-8cb0-4f5473c8ab1c,takeoff.supplies,available,25.48,32.48,medium,low,7,namecheap,,,30/09/2026 05:48
67d92cc6-331a-4aca-95e9-0ed1609d1b37,pegs.supplies,available,35.99,35.99,medium,low,4,name.com,,,20/09/2026 09:49
5d9fb722-cbd4-48a3-ba39-4bcc985e4a03,centre.supplies,available,25.48,32.48,high,low,6,namecheap,,,23/09/2026 13:22
998691fa-8496-4468-8b7d-99e7db5e9b4e,convivial.supplies,available,24.99,24.99,high,low,9,namesilo,,,12/08/2026 23:53
2a5800bd-5165-4ce9-8870-da4816e50d1e,haunting.supplies,available,24.99,24.99,medium,low,8,namesilo,,,21/08/2026 01:34
52fa32d0-430b-40e2-8415-2a9161df6889,explains.supplies,available,25.48,32.48,medium,low,8,namecheap,,,19/09/2026 21:05
3c64582b-fc3f-445f-b591-b82ddec74cf0,cultivated.supplies,available,24.99,24.99,high,low,10,namesilo,,,13/08/2026 10:14
6a4c14ad-098a-4a89-b6f0-48d4b7123580,slr.supplies,available,25.48,32.48,high,low,3,namecheap,,,02/10/2026 02:08
6b417d48-eec9-44a9-a89c-9b6212f0b258,lean.supplies,available,24.99,24.99,high,low,4,namesilo,,,22/08/2026 22:04
f48a98e4-943b-443c-ae5a-ff3cd87ef1f6,threaded.supplies,available,24.99,24.99,high,low,8,namesilo,,,11/09/2026 14:12
425accd9-b216-40d0-b86f-56d3f57d37b1,vascular.supplies,available,24.99,24.99,medium,low,8,namesilo,,,13/09/2026 01:33
52f1ede2-1bb5-42f6-8319-928dada489fe,tip.supplies,available,24.99,24.99,high,low,3,namesilo,,,25/09/2026 13:19
54ba3d96-bfd8-4733-bdf9-2b5d129734f6,dedication.supplies,available,24.99,24.99,high,low,10,namesilo,,,18/09/2026 10:32
9fda4385-5b4b-4c5d-a7a4-0a0975eb9150,viii.supplies,available,24.99,24.99,high,low,4,namesilo,,,
2f849254-560f-4f45-a8a9-6bb4df203899,isomeric.supplies,available,24.99,24.99,medium,low,8,namesilo,,,22/08/2026 11:08
d9c2708c-3703-4641-a7b0-7ab22e48f142,sideways.supplies,available,24.99,24.99,high,low,8,namesilo,,,24/09/2026 01:14
03cc19db-33fd-40fc-9057-817e2ab70d49,titanic.supplies,available,24.99,24.99,high,low,7,namesilo,,,11/09/2026 16:30
31ee3aa1-0497-4d1d-8002-01d8e6975ed3,iss.supplies,available,19.87,19.87,high,low,3,spaceship,,,27/09/2026 23:32
0d557994-f267-4a52-917b-49a7296dbc23,tuxedo.supplies,available,24.99,24.99,high,low,6,namesilo,,,24/09/2026 01:52
852829c3-2e1f-450c-9eda-99d8e6cc5c22,lays.supplies,available,20.55,20.55,medium,low,4,dynadot,,,29/09/2026 05:27
0ba4c3b5-c06f-4232-ba0e-f37451e66e19,extension.supplies,available,19.87,19.87,high,low,9,spaceship,,,28/09/2026 21:27
0775fba0-bc81-4822-a4fc-e8ca48aa71b8,polish.supplies,available,24.99,24.99,high,low,6,namesilo,,,27/09/2026 04:22
28bfe265-04ed-4988-8ef5-68532891fd63,acetal.supplies,available,24.99,24.99,medium,low,6,namesilo,,,16/09/2026 23:47
dffd5b13-e0e5-4bcc-8cec-2c9b1d94bbb2,floated.supplies,available,19.87,19.87,medium,low,7,spaceship,,,30/09/2026 15:08
05cbeec6-7e09-40d4-a1b5-a8a405baca73,drinker.supplies,available,19.2,19.2,high,low,7,cloudflare,,,01/10/2026 01:48
6966d024-afc6-4a28-a154-187054482f23,carrier.supplies,available,19.87,19.87,high,low,7,spaceship,,,28/09/2026 19:39
2a0639f8-b44b-40d7-94e9-6e1c0138dbe3,hannah.supplies,available,24.99,24.99,high,low,6,namesilo,,,25/09/2026 11:24
131612ff-55e0-4077-9c24-684b30c4614a,telepathic.supplies,available,24.99,24.99,high,low,10,namesilo,,,11/09/2026 10:18
1a89e0d5-32b0-43b6-bb23-aaa3f24e5a3b,twitch.supplies,available,19.2,19.2,high,medium,6,cloudflare,,,29/09/2026 13:36
b063a09a-95a5-4582-9e4b-9daf7e7dd9d7,vindictive.supplies,available,24.99,24.99,medium,low,10,namesilo,,,14/08/2026 04:21
10a589ff-c432-4e6d-b10b-b996e37a34e9,dedicate.supplies,available,25.48,32.48,high,low,8,namecheap,,,30/09/2026 18:29
b974cb0c-6665-4696-b668-93893a2a8ffc,zimbabwean.supplies,available,24.99,24.99,high,low,10,namesilo,,,13/09/2026 15:19
deaa949e-da6f-4ace-b599-e2d65390c7b5,pain.supplies,available,24.99,24.99,high,low,4,namesilo,,,29/09/2026 23:26
858f87f4-ba77-4c37-a575-128eebbdeef3,concluded.supplies,available,24.99,24.99,high,low,9,namesilo,,,
3dcc6b9e-4c47-486b-a123-3e55d1cfc553,dinky.supplies,available,24.99,24.99,medium,low,5,namesilo,,,14/08/2026 08:14
738e1600-c1eb-4734-a4bb-335aaade3e3a,oversewn.supplies,available,24.99,24.99,medium,low,8,namesilo,,,04/09/2026 21:48
52fbd3b2-6451-425d-9d41-4502f47ae0a1,obligatory.supplies,available,24.99,24.99,medium,low,10,namesilo,,,03/09/2026 23:42
1dae5556-d4af-45b0-b3e0-a8c76bbc9710,immoderate.supplies,available,25.48,32.48,medium,low,10,namecheap,,,21/08/2026 21:07
ba3e68ec-2069-4d1c-9fc1-071c93b57bc6,adlumia.supplies,available,24.99,24.99,medium,low,7,namesilo,,,17/09/2026 08:37
d181194b-8f6e-4a25-a884-b935e81adc89,approximate.supplies,available,19.87,19.87,high,low,11,spaceship,,,29/09/2026 08:31
51eb62d3-9c1f-4697-b8d0-65c23441f272,drown.supplies,available,25.48,32.48,medium,low,5,namecheap,,,30/09/2026 18:50
13793068-e2a8-4663-82d4-0ffabff8139a,sara.supplies,available,25.48,32.48,high,low,4,namecheap,,,25/09/2026 21:30
4a515af6-72af-4d17-ada2-0413b0f471c8,stagey.supplies,available,25.48,32.48,medium,low,6,namecheap,,,10/09/2026 18:06
abd76bac-35cc-44a3-8025-7747b2838437,vincible.supplies,available,24.99,24.99,medium,low,8,namesilo,,,09/08/2026 05:42
cdb1dc2e-5cd3-42ca-85a5-8fcbf6226173,diligent.supplies,available,25.48,32.48,high,low,8,namecheap,,,24/09/2026 08:25
377d78d0-e7a4-477b-a5d9-7bf19bb91f42,virtuoso.supplies,available,24.99,24.99,high,low,8,namesilo,,,21/09/2026 17:38
984fefc3-62a4-4f65-81b4-5790e5cb7fbe,broadway.supplies,available,24.99,24.99,high,low,8,namesilo,,,24/09/2026 10:38
7c1657d0-8937-4e7b-9dd6-18e222bcde51,attilio.supplies,available,24.99,24.99,medium,low,7,namesilo,,,21/09/2026 01:49
8cfbc965-7aa5-460b-8b23-6f537f1f08a1,fractured.supplies,available,19.87,19.87,medium,low,9,spaceship,,,28/09/2026 11:38
de52e774-af1a-48c3-abdc-a4f39080b01d,jazz.supplies,available,19.2,19.2,high,low,4,cloudflare,,,29/09/2026 20:07
d066745a-3e50-44bc-8434-6ba15ed60061,graphite.supplies,available,25.48,32.48,high,low,8,namecheap,,,24/09/2026 01:02
aad6426a-820d-4141-a2bd-b81f95dad706,answers.supplies,available,25.48,32.48,medium,low,7,namecheap,,,25/09/2026 18:18
061e13b4-81cc-428e-9229-eac659636372,petals.supplies,available,19.87,19.87,medium,low,6,spaceship,,,29/09/2026 17:41
6f685cb5-4c99-4caa-93c2-d9fea661e854,brewer.supplies,available,24.99,24.99,high,low,6,namesilo,,,23/09/2026 01:41
733dfc10-527d-454e-badb-02d7e5f7ad91,confidant.supplies,available,24.99,24.99,high,low,9,namesilo,,,22/08/2026 08:30
f13aba53-2a3f-4d3e-8378-0571021e31af,characters.supplies,available,24.99,24.99,medium,low,10,namesilo,,,
8f5c74af-6173-41f4-aadd-9c25d9b19f16,swamp.supplies,available,24.99,24.99,high,low,5,namesilo,,,24/09/2026 21:44
d7dd8eda-a254-4bf8-9dd9-885a5b4b82c4,aardvark.supplies,available,25.48,32.48,high,low,8,namecheap,,,16/09/2026 13:21
d6e43a3c-390b-4979-8c72-53c72792e3b2,benet.supplies,available,24.99,24.99,high,low,5,namesilo,,,23/09/2026 07:58
d2cf44f3-6ae8-4f8d-a5d2-24fbe4f96717,greeks.supplies,available,24.99,24.99,medium,low,6,namesilo,,,28/09/2026 22:45
071f6fa3-25e5-4392-9784-013dbfeb253a,aurorean.supplies,available,24.99,24.99,medium,low,8,namesilo,,,07/08/2026 18:12
f62a24ed-5e6d-4fc1-927f-fd64bcfe8855,vocabulary.supplies,available,19.87,19.87,high,low,10,spaceship,,,28/09/2026 14:42
047d01a6-6089-421d-92fa-8a18a2d700e5,anchored.supplies,available,19.87,19.87,high,low,8,spaceship,,,30/09/2026 06:40
3c26d4b4-42a4-4094-bdd3-3babd202abaa,bouffant.supplies,available,25.48,32.48,high,low,8,namecheap,,,10/08/2026 21:32
4164bcbf-a244-4f0d-a369-a2765fcce135,heatable.supplies,available,24.99,24.99,medium,low,8,namesilo,,,21/08/2026 02:15
a961becd-049a-4bdd-8ac5-e0f064032bf5,releases.supplies,available,20.08,20.08,medium,low,8,porkbun,,,29/09/2026 16:41
15cf00a9-bb6c-45bb-a6a1-ad25c7f7959d,prelude.supplies,available,20.55,20.55,high,low,7,dynadot,,,30/09/2026 10:52
23a207e8-b9d2-45a9-bce8-9988fdb29344,brentford.supplies,available,24.99,24.99,medium,low,9,namesilo,,,30/09/2026 13:52
1b53f12d-3679-412c-9eb0-e2e97b65b55c,ado.supplies,available,24.99,24.99,high,low,3,namesilo,,,17/09/2026 09:17
022623da-e80a-49a9-a336-883b55c7a222,airways.supplies,available,19.2,19.2,medium,low,7,cloudflare,,,30/09/2026 16:15
40aa15ca-e047-4b64-8411-c8b2d714ee7a,astrolabe.supplies,available,25.48,32.48,high,low,9,namecheap,,,20/09/2026 17:43
616a74ad-404c-40cd-b35b-c9714c37b4cf,sarkar.supplies,available,24.99,24.99,medium,low,6,namesilo,,,01/10/2026 23:28
890459d5-a49f-4200-b6e4-5268c98384ab,applaud.supplies,available,20.08,20.08,high,low,7,porkbun,,,30/09/2026 15:09
9463dd8b-c939-4c84-a4f0-5738875157af,ambitions.supplies,available,25.48,32.48,medium,low,9,namecheap,,,20/09/2026 04:21
eecc6121-7079-4056-b9a4-05f21908ed5e,projection.supplies,available,24.99,24.99,high,low,10,namesilo,,,22/08/2026 14:54
79ef1093-06f8-4410-8ec4-18796205864a,godfather.supplies,available,24.99,24.99,high,low,9,namesilo,,,28/09/2026 14:19
7f4de2f4-81e6-47e7-8693-2b6cabd07dbc,justus.supplies,available,20.55,20.55,high,low,6,dynadot,,,29/09/2026 22:14
a35c1a2d-2f08-45ee-90b2-9178facf2a85,angina.supplies,available,24.99,24.99,medium,low,6,namesilo,,,19/09/2026 06:08
f32ddd5b-830e-46f2-947b-88c1c638373e,cymose.supplies,available,35.99,35.99,medium,low,6,name.com,,,13/08/2026 13:57
f5766e49-fc42-4274-8aec-af9ee1409673,faithless.supplies,available,25.48,32.48,medium,low,9,namecheap,,,17/08/2026 21:14
58fe515e-fb8e-4367-a582-1d59454613e5,marquez.supplies,available,24.99,24.99,high,low,7,namesilo,,,30/09/2026 21:51
b7d515a4-e027-445b-a5de-f41b6fa4bf63,arundo.supplies,available,24.99,24.99,medium,low,6,namesilo,,,20/09/2026 12:25
1d07de6a-da77-4cd2-bd33-905b3c80377f,crabwise.supplies,available,24.99,24.99,medium,low,8,namesilo,,,13/08/2026 04:14
c63e32ed-46fc-4889-88e7-6b0a41fb17f0,coats.supplies,available,24.99,24.99,high,low,5,namesilo,,,17/09/2026 00:23
d9c32847-b7ab-4a0e-9c8c-08f99b3093cc,sprawl.supplies,available,24.99,24.99,medium,low,6,namesilo,,,10/09/2026 16:41
a0f14762-daec-4ab9-af6d-2b957dd0d637,talus.supplies,available,24.99,24.99,medium,low,5,namesilo,,,19/09/2026 09:46
76a029f3-dc2d-454e-9ac5-e66f0a68b50c,nettled.supplies,available,,,medium,low,7,,,,
13fed9b5-b0f3-4ff9-b1a7-cbf5b778c5ba,miniature.supplies,available,24.99,24.99,high,low,9,namesilo,,,24/08/2026 23:48
b9037b33-84d8-43b2-b7a1-1f2090f5205f,carmen.supplies,available,24.99,24.99,high,low,6,namesilo,,,27/09/2026 01:37
7255dcba-bbe4-4013-8fb8-f9abc696bbd3,tactic.supplies,available,19.87,19.87,high,low,6,spaceship,,,29/09/2026 07:31
5fa13add-ef0f-4b79-b37c-33fe8b82b94a,panthers.supplies,available,41.99,41.99,medium,low,8,godaddy,,,01/10/2026 00:41
4ab9fa58-84fe-441b-a902-e36515768fb9,biggin.supplies,available,24.99,24.99,medium,low,6,namesilo,,,23/09/2026 15:08
895a56e4-3e48-40d1-a707-7915d975d2ad,lookouts.supplies,available,24.99,24.99,medium,low,8,namesilo,,,18/09/2026 10:55
399ee518-dc6a-4637-afe7-ddf97d7e9536,conducive.supplies,available,25.48,32.48,high,low,9,namecheap,,,12/08/2026 20:30
46bd2590-bb05-42a3-b490-01236bb6a0d2,echoing.supplies,available,24.99,24.99,high,low,7,namesilo,,,30/09/2026 03:52
dc544ef9-c75e-49ac-8271-80ee980adf50,apolitical.supplies,available,24.99,24.99,medium,low,10,namesilo,,,06/08/2026 02:02
20a01cba-ea10-4fd5-922b-60ba30e9da35,grade.supplies,available,24.99,24.99,high,low,5,namesilo,,,23/08/2026 00:34
6f2fddb9-0ff3-4059-b96b-caf1014e4f37,cadastral.supplies,available,24.99,24.99,medium,low,9,namesilo,,,11/08/2026 12:39
88fdf5b8-11fa-4e85-be89-cf3e43467aca,anomala.supplies,available,25.48,32.48,medium,low,7,namecheap,,,19/09/2026 11:24
679f3c10-998b-4604-b63a-44a26a226944,outreach.supplies,available,19.87,19.87,high,low,8,spaceship,,,30/09/2026 10:41
2d34d20f-8329-45ef-b995-ed2d9b8aaa58,jedi.supplies,available,19.87,19.87,high,low,4,spaceship,,,30/09/2026 15:01
25bf7995-08e3-424b-9f43-53a9c34660ed,clxv.supplies,available,24.99,24.99,medium,low,4,namesilo,,,
b0c5a42c-441f-4ed7-bae6-63a470b35717,final.supplies,available,20.08,20.08,high,low,5,porkbun,,,30/09/2026 19:09
5b114370-e985-4d63-9bb7-1900715ec6e2,untaped.supplies,available,24.99,24.99,medium,low,7,namesilo,,,12/09/2026 10:16
553b2d4d-9595-436d-a9be-a2ceaba222c6,desert.supplies,available,24.99,24.99,high,low,6,namesilo,,,24/09/2026 06:40
81de620b-fcb4-4dd4-bc1f-5ef3e5bd095a,transcripts.supplies,available,24.99,24.99,medium,low,11,namesilo,,,30/09/2026 16:19
8efb4792-dea9-4816-99cc-d73fd8bfd415,trespass.supplies,available,19.87,19.87,high,low,8,spaceship,,,01/10/2026 03:42
5e9b04b0-52ec-4fcf-975c-577ab770860a,professional.supplies,premium,242,242,high,low,12,namesilo,,,25/09/2026 11:40
d5ba713e-a01d-4872-816c-226943f53657,trier.supplies,available,24.99,24.99,medium,low,5,namesilo,,,21/09/2026 01:21
d1f9d676-3ac0-43ed-aaf1-d81df5a186c2,provoked.supplies,available,24.99,24.99,medium,low,8,namesilo,,,09/09/2026 04:38
81b1a68b-d239-4216-b088-766c51f7be33,basement.supplies,available,19.87,19.87,high,low,8,spaceship,,,29/09/2026 01:22
afd3b57f-7229-4867-aac0-5d917f3078aa,stance.supplies,available,25.48,32.48,high,low,6,namecheap,,,28/09/2026 20:34
1e180024-196d-4d48-afdd-8597e5076af0,mobilized.supplies,available,24.99,24.99,high,low,9,namesilo,,,01/10/2026 23:11
b4c1aeb8-5549-45b8-a6ce-0b0ded67004a,infect.supplies,available,19.87,19.87,high,low,6,spaceship,,,30/09/2026 11:23
5b3852c1-e626-4582-8c48-382c0f0dcfa5,gimcrack.supplies,available,24.99,24.99,medium,low,8,namesilo,,,18/08/2026 06:39
557a3bff-a2de-465e-af57-657d3ffd43e5,commentator.supplies,available,20.55,20.55,high,low,11,dynadot,,,29/09/2026 08:48
48480037-0653-4226-8d67-92d6d3f1738a,adviser.supplies,available,19.2,19.2,high,low,7,cloudflare,,,28/09/2026 19:03
c2a08f76-c900-4b52-9a8f-3c582c534a0e,afterlife.supplies,available,24.99,24.99,high,low,9,namesilo,,,15/09/2026 00:23
927428bd-06d4-40c4-9724-0d1d1ffe60ba,substantially.supplies,available,19.87,19.87,medium,low,13,spaceship,,,29/09/2026 21:22
1c5d91db-16aa-4fbd-b533-3c92b2766ffc,baldhead.supplies,available,24.99,24.99,medium,low,8,namesilo,,,21/09/2026 21:41
0d060319-4a96-46a8-8289-48f71859a36f,rocky.supplies,available,24.99,24.99,high,low,5,namesilo,,,23/09/2026 01:13
f9e5add8-f5b0-4b86-8e1b-67a472eca366,soften.supplies,available,19.2,19.2,high,low,6,cloudflare,,,30/09/2026 09:18
85822b3f-4000-4976-9b63-19fd287664c9,shoebird.supplies,available,25.48,32.48,medium,low,8,namecheap,,,21/09/2026 20:37
acabf374-01a0-4cae-b908-af8637cdf37b,yearn.supplies,available,24.99,24.99,high,low,5,namesilo,,,24/08/2026 08:59
08226c06-0e34-4678-b603-bf6c6197aba5,hoard.supplies,available,24.99,24.99,medium,low,5,namesilo,,,12/08/2026 16:57
669ffdb9-dc14-4462-8eb7-42cfbdd9ded1,baptized.supplies,available,24.99,24.99,high,low,8,namesilo,,,08/08/2026 14:55
8ae01761-ce66-4d70-aa94-27723f202350,kieran.supplies,available,25.48,32.48,high,low,6,namecheap,,,01/10/2026 08:33
e741201e-7ed8-4909-b02d-1a1c4e0b7020,chittenden.supplies,available,24.99,24.99,medium,low,10,namesilo,,,01/10/2026 12:09
af846523-bff5-44c3-8a46-e635a7d597fe,unweaned.supplies,available,24.99,24.99,low,low,8,namesilo,,,12/09/2026 22:29
1c40d760-2e36-4de3-b57a-1c6f3df53cfe,stories.supplies,available,24.99,24.99,high,medium,7,namesilo,,,17/09/2026 13:42
cfa2f177-e8f9-4ae5-adce-272e6839d0a8,arachnida.supplies,available,24.99,24.99,medium,low,9,namesilo,,,19/09/2026 23:41
633799cd-f0c5-4ce9-b4a1-c9626d5ec55e,felicia.supplies,available,20.55,20.55,high,low,7,dynadot,,,29/09/2026 18:52
309bd86e-4e66-47fb-96cf-03c7754edc00,selkirk.supplies,available,24.99,24.99,medium,low,7,namesilo,,,18/09/2026 05:50
ebb32857-45b4-4742-a5a8-3651d9728ed5,estado.supplies,available,20.55,20.55,high,low,6,dynadot,,,01/10/2026 00:20
f8a9bcd2-5e43-4a50-b383-860275c12b3e,vitalizer.supplies,available,24.99,24.99,medium,low,9,namesilo,,,19/09/2026 09:10
aceeb70d-b612-455e-a6e9-5f01a841239c,cuzco.supplies,available,19.87,19.87,medium,low,5,spaceship,,,01/10/2026 19:08
e8a5dd34-d153-4ec3-9ae1-d996c5b1843e,asterion.supplies,available,24.99,24.99,medium,low,8,namesilo,,,20/09/2026 17:10
f38a4498-582d-4298-a577-942354ff017f,encrusted.supplies,available,24.99,24.99,medium,low,9,namesilo,,,13/08/2026 09:24
e5d635ab-e95b-4294-9efb-806dfb029e00,complex.supplies,available,24.99,24.99,high,low,7,namesilo,,,23/09/2026 17:35
4086987e-3979-4d31-9245-8dccf160a0d1,blonde.supplies,available,24.99,24.99,high,low,6,namesilo,,,22/09/2026 22:17
72e40a40-f765-4700-a9cc-6f3292c10503,anus.supplies,available,24.99,24.99,medium,low,4,namesilo,,,19/09/2026 15:56
00dcc6b4-18dc-4fb5-a1ef-829ab9cf1a9b,violating.supplies,available,24.99,24.99,low,low,9,namesilo,,,29/09/2026 05:13
ff22538d-cecf-4e68-8112-7ec7ce0ee3cb,amplifiers.supplies,available,24.99,24.99,medium,low,10,namesilo,,,17/09/2026 07:12
b5e800e1-c5cd-4a53-95cc-aeba2e9a3650,kyushu.supplies,available,24.99,24.99,medium,low,6,namesilo,,,29/09/2026 01:31
6d732a42-6030-4623-b941-a55c264bdeb2,coaching.supplies,available,19.87,19.87,high,low,8,spaceship,,,01/10/2026 18:50
624ccba9-4337-4b39-8934-4c8643a52a02,patents.supplies,available,24.99,24.99,medium,low,7,namesilo,,,01/10/2026 00:20
429ab033-79a6-462e-a457-a836d80c8319,tangent.supplies,available,19.2,19.2,high,low,7,cloudflare,,,01/10/2026 04:00
50b057d0-e940-4be3-8edf-14ffe66dd712,ankus.supplies,available,24.99,24.99,medium,low,5,namesilo,,,19/09/2026 09:49
4f67d87e-f6cc-4df7-beb3-0bc49f72ec00,uncordial.supplies,available,24.99,24.99,medium,low,9,namesilo,,,12/09/2026 06:13
1737d8b2-f4e6-4e3f-a80e-26e5f91e7460,transitory.supplies,available,24.99,24.99,medium,low,10,namesilo,,,17/08/2026 10:19
da37c82c-d593-46a2-b75b-67f011dba687,eudaemonic.supplies,available,24.99,24.99,medium,low,10,namesilo,,,17/08/2026 14:10
c7295069-000b-4c1b-bb93-5fa2815a40a2,scatty.supplies,available,24.99,24.99,medium,low,6,namesilo,,,
cf7211fb-6a8f-4048-97d0-d434b37f86cf,tenacious.supplies,available,24.99,24.99,high,low,9,namesilo,,,19/09/2026 16:19
c4265bcc-0d99-4691-88fb-2562b1f5a6e5,discriminate.supplies,available,20.08,20.08,medium,low,12,porkbun,,,01/10/2026 05:36
bc7efa21-6e91-454f-aa60-f60b1e61ad82,falter.supplies,available,24.99,24.99,high,low,6,namesilo,,,17/08/2026 21:39
0d983334-a7b8-47a2-b59b-0a74ca671fd9,onset.supplies,available,24.99,24.99,high,low,5,namesilo,,,04/09/2026 14:29
0511ac98-e3c7-456a-83bb-503a75c2529b,beechwood.supplies,available,24.99,24.99,medium,low,9,namesilo,,,23/09/2026 00:14
d9178b0b-a948-4e59-8a60-4f341584eb9b,augean.supplies,available,24.99,24.99,medium,low,6,namesilo,,,07/08/2026 16:54
23d2cc73-1b04-461d-815b-51052f6c3003,whoever.supplies,available,24.99,24.99,medium,low,7,namesilo,,,
32712189-024a-4f99-a29d-da2f26e03f1b,minimize.supplies,available,20.08,20.08,high,low,8,porkbun,,,29/09/2026 20:40
2056d035-d123-4b92-a0de-f8e380f476cf,racket.supplies,available,20.55,20.55,medium,low,6,dynadot,,,28/09/2026 14:13
6051065c-6870-4ecd-ad94-8a04803b1ebe,sentence.supplies,available,24.99,24.99,high,low,8,namesilo,,,30/09/2026 01:02
7a7f2bb3-9fad-44b0-b3b0-e95d713e7228,restrained.supplies,available,25.48,32.48,medium,low,10,namecheap,,,20/08/2026 20:43
d70b492d-953f-49d4-a30d-9f21c342600f,banks.supplies,available,25.48,32.48,high,low,5,namecheap,,,22/09/2026 02:52
91fb6e9a-0a0e-46e3-a251-d0eb4a209081,bates.supplies,available,25.48,32.48,medium,low,5,namecheap,,,28/09/2026 12:13
76118f44-8a56-4335-89ab-009e491f46aa,undivided.supplies,available,24.99,24.99,high,low,9,namesilo,,,12/09/2026 08:11
cbf04f10-6fd4-48af-97c7-2788c4ce500c,horseshoe.supplies,available,20.55,20.55,high,low,9,dynadot,,,29/09/2026 19:10
1ca79cfc-d836-4a89-91bf-4c1187c66519,columella.supplies,available,20.08,20.08,medium,low,9,porkbun,,,30/09/2026 09:13
1d787eac-c48c-485a-885b-174814c82bb9,apanage.supplies,available,24.99,24.99,medium,low,7,namesilo,,,19/09/2026 16:12
c7284911-3787-4884-b677-13274de6cd1a,alluring.supplies,available,25.48,32.48,high,low,8,namecheap,,,22/09/2026 01:34
bba72e42-1723-4260-be22-b252c3168a31,bin.supplies,available,24.99,24.99,high,low,3,namesilo,,,16/09/2026 13:43
092cf547-bc57-447e-bd02-460dbf5bea4a,horny.supplies,available,24.99,24.99,high,low,5,namesilo,,,13/08/2026 01:41
05f8f86c-6704-4d42-8178-ee67e3aa2315,hailed.supplies,available,20.08,20.08,medium,low,6,porkbun,,,30/09/2026 15:28
47dc0ac2-c3b9-4b49-9f87-d1fde011d488,footsteps.supplies,available,19.87,19.87,medium,low,9,spaceship,,,28/09/2026 12:42
7c8c49d4-0771-43df-9980-92aa18390d69,surname.supplies,available,19.87,19.87,high,low,7,spaceship,,,29/09/2026 06:51
f83e2312-07ff-4350-9f01-09d2d9b0a417,hercules.supplies,available,19.87,19.87,high,low,8,spaceship,,,28/09/2026 20:10
c0bc7e89-218c-4926-abe2-5f9547393bb1,billfold.supplies,available,25.48,32.48,high,low,8,namecheap,,,23/09/2026 16:16
50bae9f9-1b96-4f72-8e10-25e54681d56d,intragroup.supplies,available,24.99,24.99,medium,low,10,namesilo,,,22/08/2026 08:41
f39642af-12e2-4d05-9983-1d6ad5aa63ed,humorless.supplies,available,24.99,24.99,medium,low,9,namesilo,,,21/08/2026 15:23
87eaee53-be57-4d74-8b3d-142e63f0c52d,attachable.supplies,available,24.99,24.99,medium,low,10,namesilo,,,07/08/2026 15:36
13e6002c-f2a4-41b0-8dd4-c7efa66534f8,provident.supplies,available,24.99,24.99,high,low,9,namesilo,,,09/09/2026 04:35
ddd9b0e0-94e4-4648-af6f-6fe26e24288e,painterly.supplies,available,24.99,24.99,medium,low,9,namesilo,,,04/09/2026 23:08
b554be8e-52ad-4f1c-bb89-1ddd5c734317,endermatic.supplies,available,24.99,24.99,medium,low,10,namesilo,,,17/08/2026 00:58
75bb988e-b566-4a0a-bb86-64844a834b6a,pride.supplies,available,20.55,20.55,high,low,5,dynadot,,,30/09/2026 07:21
bf99d85e-b8ad-4966-970d-9def2945d18f,diehards.supplies,available,24.99,24.99,low,low,8,namesilo,,,20/09/2026 23:29
f8271738-6185-45c3-8b26-c7088386a018,ashcan.supplies,available,25.48,32.48,medium,low,6,namecheap,,,20/09/2026 13:35
cc58983f-3e2e-45b9-a8d3-ac23ee99bf73,baic.supplies,available,25.48,32.48,medium,low,4,namecheap,,,21/09/2026 18:51
ad1dc663-e7ee-450f-a482-a87fa9ae5dae,laughing.supplies,available,24.99,24.99,high,low,8,namesilo,,,25/09/2026 16:41
c90bb26f-26eb-4d22-9058-61544d506a93,circuits.supplies,available,20.55,20.55,medium,low,8,dynadot,,,29/09/2026 00:07
875db709-ed7a-41da-9634-83d6f1b0b5c3,uphill.supplies,available,24.99,24.99,medium,low,6,namesilo,,,
43b34454-9f62-425e-b984-0b91b998973f,dutch.supplies,available,24.99,24.99,high,low,5,namesilo,,,24/09/2026 12:34
7686d71e-0f40-44f8-8239-69d87e94c991,parnell.supplies,available,19.87,19.87,medium,low,7,spaceship,,,28/09/2026 18:40
d20e2f3b-6011-4556-bf13-dbe98d059bcf,casebook.supplies,available,24.99,24.99,high,low,8,namesilo,,,08/09/2026 03:38
d5d0d4e1-3fea-4040-8084-a0d43999fbf3,orpin.supplies,available,24.99,24.99,medium,low,5,namesilo,,,24/08/2026 08:00
4d3ffe93-06f0-4a96-9a5d-891902af2528,atelier.supplies,available,24.99,24.99,high,medium,7,namesilo,,,20/09/2026 11:53
0c2d044b-fb09-412e-9b57-e95893d381cf,neither.supplies,available,24.99,24.99,medium,low,7,namesilo,,,03/09/2026 15:18
7f44de94-e1f7-460e-9e35-017717ca4424,immodest.supplies,available,25.48,32.48,medium,low,8,namecheap,,,21/08/2026 21:09
47f15b81-49e9-4c7e-a035-4ec306bc4bfe,unwearable.supplies,available,24.99,24.99,medium,low,10,namesilo,,,12/09/2026 22:31
49650e52-469c-47b2-b42b-886a43419999,bison.supplies,available,25.48,32.48,high,low,5,namecheap,,,23/09/2026 22:04
11a3d635-1f8c-402f-9990-ad036ce1478f,miner.supplies,available,19.2,19.2,high,low,5,cloudflare,,,29/09/2026 19:40
c4b89ae2-6948-45a0-882b-335db412b8a8,monotone.supplies,available,24.99,24.99,high,low,8,namesilo,,,25/08/2026 05:25
85a8328f-ef20-4d11-864a-16cb320658cb,rental.supplies,premium,38.94,38.94,high,low,6,namesilo,,,09/09/2026 14:17
ece85f9a-8715-4aca-a57c-e3d36fa75bb6,amain.supplies,available,25.48,32.48,medium,low,5,namecheap,,,13/09/2026 19:25
5a614d6b-8bf8-41e3-8b13-a0231a9cd1a0,multilingual.supplies,available,19.87,19.87,high,low,12,spaceship,,,29/09/2026 20:52
9d9c2bc3-7e60-401b-b83c-6c1390c6183b,bands.supplies,available,25.48,32.48,medium,low,5,namecheap,,,16/09/2026 12:26
00ea9b24-e1ed-496f-88c2-97af848caa21,assuming.supplies,available,24.99,24.99,medium,low,8,namesilo,,,07/08/2026 08:16
add91bb1-8a11-44c2-b5c7-f42820fe093c,southey.supplies,available,20.08,20.08,medium,low,7,porkbun,,,01/10/2026 21:34
f843fd00-caa1-43f2-821c-aca37dcbcda0,blessed.supplies,available,24.99,24.99,high,low,7,namesilo,,,22/09/2026 18:43
c5a9f86e-8b18-44f6-a7c4-3c6bf67fb37d,banked.supplies,available,24.99,24.99,medium,low,6,namesilo,,,
da56d568-b671-4d19-be17-b6f5a5a0eafb,rationalism.supplies,available,19.87,19.87,high,low,11,spaceship,,,30/09/2026 05:54
cef6ea79-9dfa-4cf2-8094-21915b1ae559,sunk.supplies,available,24.99,24.99,medium,low,4,namesilo,,,11/09/2026 01:50
5fab28d5-24ec-4415-b8b5-5e251e0204fb,corfu.supplies,available,24.99,24.99,high,low,5,namesilo,,,30/09/2026 04:34
9e9ada4d-561d-41dc-bd94-b8e564ac52ce,miraculous.supplies,available,24.99,24.99,high,low,10,namesilo,,,21/08/2026 02:29
8c0f0887-d708-4b06-aa6b-a5a5289218b0,somesing.supplies,available,32.48,,medium,low,8,namecheap,,,
a4438681-40f8-47ce-8343-b8ce11c94156,tantrum.supplies,available,24.99,24.99,medium,low,7,namesilo,,,18/08/2026 05:41
da888163-515f-4e81-be91-776f526c09c4,atlantic.supplies,available,25.48,32.48,high,low,8,namecheap,,,24/09/2026 08:23
6d7a1e56-60cd-4430-9b9d-59e6fa829467,xlii.supplies,available,24.99,24.99,medium,low,4,namesilo,,,
ff2f4a71-da3c-4982-9467-5c5c9598524d,broken.supplies,available,24.99,24.99,high,low,6,namesilo,,,23/09/2026 09:56
a4dee7a0-2c53-4ec6-a3fd-c47e36192fb5,visions.supplies,available,19.2,19.2,medium,low,7,cloudflare,,,27/09/2026 23:41
b4cf3d52-b7f2-4804-8e05-78be69249407,deltoid.supplies,available,24.99,24.99,medium,low,7,namesilo,,,14/08/2026 00:50
809699a3-e81c-4747-9eab-2cfe563ed941,sydney.supplies,premium,242,242,high,low,6,namesilo,,,25/09/2026 10:47
188c0d59-76de-4c4f-9f87-9573814837c1,yobo.supplies,available,24.99,24.99,medium,low,4,namesilo,,,11/08/2026 08:48
f6d56e18-a0f2-4b18-a164-5325984d2646,adit.supplies,available,24.99,24.99,medium,low,4,namesilo,,,17/09/2026 08:21
3df40654-b41b-4c3c-892f-95a1e2b11b90,abele.supplies,available,25.48,32.48,medium,low,5,namecheap,,,16/09/2026 15:02
800f63ac-d40f-4620-997b-1e06c51ad40c,dubstep.supplies,available,24.99,24.99,high,low,7,namesilo,,,
a992b360-019f-4f06-a871-9acc9b131994,noiseless.supplies,available,25.48,32.48,medium,low,9,namecheap,,,03/09/2026 18:13
d14c2b9e-677a-4007-8194-da246c55bfba,joplin.supplies,available,20.08,20.08,medium,low,6,porkbun,,,28/09/2026 19:32
6a505612-e4eb-4907-8e55-f4bbcf3175a3,individual.supplies,available,24.99,24.99,high,low,10,namesilo,,,23/09/2026 13:06
7bb3e534-6540-4fbd-a66e-ba0db6b9076c,algebras.supplies,available,19.87,19.87,low,low,8,spaceship,,,28/09/2026 13:28
177ceada-60d4-4fd0-bc4a-57cb2d7478a2,yokel.supplies,available,24.99,24.99,medium,low,5,namesilo,,,21/08/2026 08:01
6efe8f46-877c-4171-b84e-92c3d2c977dd,choo.supplies,available,24.99,24.99,high,low,4,namesilo,,,01/10/2026 22:49
7282d83d-84d1-45a6-a572-d470afbbec36,bribable.supplies,available,24.99,24.99,medium,low,8,namesilo,,,11/08/2026 03:42
2c1f4946-d0e8-4ca7-9fd5-20aada26a46d,soaking.supplies,available,24.99,24.99,medium,low,7,namesilo,,,14/09/2026 14:28
1a6b4cc7-7edf-451d-a033-2ecca42dba17,warn.supplies,available,24.99,24.99,high,low,4,namesilo,,,28/09/2026 03:18
6b930b97-3abf-429e-b7b9-c354dae21345,triune.supplies,available,25.48,32.48,medium,low,6,namecheap,,,11/09/2026 20:12
19af8039-6c70-4350-9e84-dc33d8431258,swap.supplies,available,24.99,24.99,high,medium,4,namesilo,,,29/09/2026 01:19
7e34419d-a95d-42dc-8d1b-1a0682b1105d,austrian.supplies,available,24.99,24.99,high,low,8,namesilo,,,22/09/2026 13:38
f70cea45-3406-476d-8d93-c7559f0a6a38,honeymooning.supplies,available,24.99,24.99,high,low,12,namesilo,,,21/09/2026 06:04
70b1ea6d-f8e5-4822-9304-ab095837bcad,wholesome.supplies,available,24.99,24.99,high,low,9,namesilo,,,28/09/2026 10:32
1561f844-ff74-4914-832f-fb481435d7ab,hobbies.supplies,available,24.99,24.99,medium,low,7,namesilo,,,20/09/2026 22:38
4e7d0322-cdd9-4933-a5df-f7b60fc3b1d9,gramophone.supplies,available,24.99,24.99,high,low,10,namesilo,,,17/09/2026 02:30
319e525f-ac3e-44d7-b46b-472507d7baac,chartres.supplies,available,20.08,20.08,medium,low,8,porkbun,,,29/09/2026 11:53
81fe9416-c51c-435a-81a0-96b9b4dd4030,nibbed.supplies,available,24.99,24.99,low,low,6,namesilo,,,03/09/2026 16:57
9287d39d-e739-4953-8a5b-e6d662ed1c1b,miffed.supplies,available,,,medium,low,6,,,,
a82d1974-8818-4899-89b1-9a46056f26c9,belts.supplies,available,19.2,19.2,medium,low,5,cloudflare,,,28/09/2026 09:04
dbe051ec-6526-4e3d-b265-ab07e9103ec2,uneventful.supplies,available,24.99,24.99,medium,low,10,namesilo,,,12/09/2026 09:21
b6357323-67ab-4677-8e1f-6353f0cd0e38,saman.supplies,available,25.48,32.48,high,low,5,namecheap,,,18/09/2026 03:12
27beae43-3b8f-4394-938a-915ca42f5689,minneapolis.supplies,available,20.08,20.08,medium,low,11,porkbun,,,29/09/2026 15:27
e067efbd-4a33-4ffe-ac36-2467e84aeb88,metamorphism.supplies,available,20.55,20.55,medium,low,12,dynadot,,,30/09/2026 23:25
68305d36-316c-4935-9742-fdb3ab558512,cigar.supplies,available,20.08,20.08,high,low,5,porkbun,,,28/09/2026 01:40
e1f24f6a-23ac-422d-9e07-481b0c168026,acquainted.supplies,available,20.55,20.55,high,low,10,dynadot,,,28/09/2026 07:02
fb646558-7e52-4f03-9299-4b74492e21d5,reservoir.supplies,available,24.99,24.99,high,low,9,namesilo,,,20/09/2026 11:41
e85a78fc-5b96-4499-98d4-7eb705e623ea,dickensian.supplies,available,24.99,24.99,medium,low,10,namesilo,,,14/08/2026 06:25
2b81d9b2-508a-40cd-9e36-d86e5fed7550,informers.supplies,available,24.99,24.99,medium,low,9,namesilo,,,21/09/2026 09:19
2e8cfc41-0352-436c-9c88-a22a0722de47,earthworks.supplies,available,19.87,19.87,medium,low,10,spaceship,,,29/09/2026 17:50
09a34e37-79f7-429d-b280-5116e56bad11,bollard.supplies,available,24.99,24.99,medium,low,7,namesilo,,,23/09/2026 22:48
122ce506-683f-412d-9764-eeac53265454,outermost.supplies,available,25.48,32.48,high,low,9,namecheap,,,04/09/2026 19:17
1e8e8bf1-601b-4776-9821-29b1f06a2dcb,anpu.supplies,available,24.99,24.99,medium,low,4,namesilo,,,19/09/2026 11:59
83a0314d-9113-45a6-a583-00dbd0f4645b,elector.supplies,available,19.87,19.87,medium,low,7,spaceship,,,28/09/2026 19:03
ede5a816-9156-4c77-ac72-233a7b253867,projector.supplies,available,25.48,32.48,high,low,9,namecheap,,,29/09/2026 20:04
63691c6b-11e8-453f-b2c2-159cbe4bf7b3,extravagant.supplies,available,19.87,19.87,high,low,11,spaceship,,,30/09/2026 03:34
eb1b174f-cf6b-495f-95e6-6613def0899f,napa.supplies,available,19.87,19.87,high,low,4,spaceship,,,01/10/2026 18:48
77d00381-0393-48c4-98f4-9e2489afaaff,foamy.supplies,available,24.99,24.99,high,low,5,namesilo,,,11/08/2026 07:20
ef915662-23f1-4d79-b8dd-68a34882492b,irony.supplies,available,24.99,24.99,high,low,5,namesilo,,,24/09/2026 13:17
3ea4611d-5f67-40e7-96d6-9af3bdc75aa4,worry.supplies,available,19.87,19.87,high,low,5,spaceship,,,29/09/2026 22:21
60947256-a44b-41e6-9b83-49a33467f402,responsible.supplies,available,24.99,24.99,high,low,11,namesilo,,,25/09/2026 11:15
ef40b5ec-de5e-4704-a91c-ec168163fddc,bandy.supplies,available,24.99,24.99,medium,low,5,namesilo,,,08/08/2026 11:45
6b1336ce-9826-400a-b985-b31c4f195ad8,alhaytham.supplies,available,25.48,32.48,medium,low,10,namecheap,,,18/09/2026 00:48
0bcfddad-ab6c-4101-b041-196d1180343a,seventeenth.supplies,available,20.55,20.55,high,low,11,dynadot,,,01/10/2026 22:21
8bb3e0e4-a952-4e64-bda6-a63eaf92d9a7,fonts.supplies,available,24.99,24.99,medium,low,5,namesilo,,,20/09/2026 22:56
41d312b7-f5e3-4eed-9862-ddf2710bd3ad,plausible.supplies,available,25.48,32.48,high,low,9,namecheap,,,08/09/2026 20:55
d7030439-dff6-4975-b255-ddb5c3d38e13,dispatcher.supplies,available,24.99,24.99,high,low,10,namesilo,,,24/09/2026 22:52
4f590874-f215-42ab-bdc4-230ec8b16cda,largo.supplies,available,25.48,32.48,medium,low,5,namecheap,,,22/08/2026 19:59
5ef184e8-a223-4b21-9aa8-153b307d7c5e,labial.supplies,available,24.99,24.99,medium,low,6,namesilo,,,22/08/2026 17:19
19052162-fc36-4c29-a6d5-7993a724797e,supporter.supplies,available,24.99,24.99,high,low,9,namesilo,,,22/09/2026 10:07
994fbf5d-eaeb-40f5-9703-67bf7dc62324,poked.supplies,available,24.99,24.99,medium,low,5,namesilo,,,02/10/2026 03:52
daf701c7-4343-4edd-867f-82e23beb17d8,singers.supplies,available,20.55,20.55,medium,low,7,dynadot,,,28/09/2026 23:28
57d1e39d-9d40-4a5e-8d03-c935455f000d,analects.supplies,available,24.99,24.99,medium,low,8,namesilo,,,19/09/2026 01:48
1cb461ed-3eb6-4acb-a694-fd522bc7b96c,shun.supplies,available,24.99,24.99,high,low,4,namesilo,,,24/09/2026 02:00
89cc7a11-3872-4da3-bba2-e05d513f4307,consistently.supplies,available,24.99,24.99,high,low,12,namesilo,,,01/10/2026 05:37
b1129a7b-b8bc-4e67-ba64-abd47fda7ce1,commander.supplies,available,24.99,24.99,high,low,9,namesilo,,,17/09/2026 22:14
9055c167-d469-4694-b7c4-d17c69169574,semen.supplies,available,19.2,19.2,medium,low,5,cloudflare,,,29/09/2026 18:24
7835f892-3864-4beb-9df0-60aa667002d3,altawhid.supplies,available,25.48,32.48,medium,low,9,namecheap,,,18/09/2026 01:07
d9ddaafb-995d-45df-a02c-f7f239f87193,javan.supplies,available,24.99,24.99,high,low,5,namesilo,,,22/08/2026 12:30
f8ea71ea-2ff6-42a4-97c7-642d031c7fff,corsican.supplies,available,24.99,24.99,high,low,8,namesilo,,,13/08/2026 02:33
d6e5490b-e403-44fc-977d-2cf43bc40a1d,amicable.supplies,available,24.99,24.99,high,low,8,namesilo,,,22/09/2026 04:19
d86898ab-283e-4960-9e4a-bb28b0b5ff5c,alpaca.supplies,available,24.99,24.99,high,low,6,namesilo,,,18/09/2026 13:31
81e54a8c-8e9c-466f-992c-d7b1805cba59,caesarean.supplies,available,24.99,24.99,medium,low,9,namesilo,,,11/08/2026 13:05
66d41d26-7bc7-449e-836e-f00d2f106ad7,repose.supplies,available,25.48,32.48,high,low,6,namecheap,,,20/09/2026 19:37
df73be83-e95b-475e-9652-cc8b20bad8cb,poulet.supplies,available,24.99,24.99,medium,low,6,namesilo,,,12/08/2026 04:55
ebb63220-98ee-4688-8cd4-44c21d96108d,albitic.supplies,available,24.99,24.99,medium,low,7,namesilo,,,
1d737421-b1f5-45d2-88a0-57245b7d679e,unpaired.supplies,available,24.99,24.99,medium,low,8,namesilo,,,12/09/2026 15:30
9a7aca83-13fd-49ae-a8d7-7f9253d3be32,bounty.supplies,available,24.99,24.99,high,low,6,namesilo,,,24/09/2026 07:35
9b66c9e0-4587-45a9-b5e2-c4bcf9e3b895,fragments.supplies,available,19.2,19.2,medium,low,9,cloudflare,,,29/09/2026 05:00
bfdbd66a-5474-481d-aa25-c4e209202ddb,adequate.supplies,available,25.48,32.48,high,low,8,namecheap,,,21/09/2026 18:22
3a735fa5-dce6-4585-b7b7-368cc9eb4995,london.supplies,premium,72.6,72.6,high,medium,6,dynadot,,,29/09/2026 04:25
cfa9692f-85e9-4518-8dec-3da744ad8cc3,vedic.supplies,available,24.99,24.99,medium,low,5,namesilo,,,13/09/2026 01:37
fe7519f6-9de2-40c3-91af-7609c9fe7666,coils.supplies,available,24.99,24.99,medium,low,5,namesilo,,,02/10/2026 03:31
d4e48f8d-5f9c-4073-8c60-bb59d1a63c61,talked.supplies,available,24.99,24.99,medium,low,6,namesilo,,,18/09/2026 13:42
102adc48-6463-4628-a847-2fa4b1402fed,recyclable.supplies,available,24.99,24.99,high,low,10,namesilo,,,09/09/2026 11:31
6da35364-b7b3-482c-bbf8-d4725feee539,plugin.supplies,available,24.99,24.99,high,low,7,namesilo,,,17/09/2026 06:36
9b747c24-cf2b-4ca1-b6ea-d254fcaf036f,tocsin.supplies,available,24.99,24.99,medium,low,6,namesilo,,,18/09/2026 01:57
35a918ef-3ff3-46ad-b3ab-815ed81260e4,seaman.supplies,available,20.08,20.08,medium,low,6,porkbun,,,30/09/2026 01:29
33f8bcdf-5266-4672-948b-1b55dc42f065,periodically.supplies,available,24.99,24.99,medium,low,12,namesilo,,,30/09/2026 14:44
105a4348-0f2b-43ca-bf69-e27933ebed3f,dissonant.supplies,available,24.99,24.99,medium,low,9,namesilo,,,07/08/2026 12:26
6d0bf694-7e9a-485c-8a5e-2abfb0a1daa5,keyrings.supplies,available,25.48,32.48,medium,low,8,namecheap,,,20/09/2026 12:08
14982cdc-a242-4f46-903e-801d58b5f590,drawing.supplies,premium,72.6,72.6,high,low,7,dynadot,,,29/09/2026 16:41
b0bd7b61-e6ab-4b83-b978-d2c758c94731,hemphill.supplies,available,19.87,19.87,medium,low,8,spaceship,,,01/10/2026 23:34
c98cc6e4-cfa4-401a-889b-87d807c11181,insanity.supplies,available,20.55,20.55,high,low,8,dynadot,,,28/09/2026 02:09
894addb0-9ffd-4fe7-b809-fa7548f9b774,idealized.supplies,available,25.48,32.48,high,low,9,namecheap,,,21/08/2026 17:58
f4d43fb4-d7e5-4329-b5b9-86234a89cda2,eviction.supplies,available,24.99,24.99,high,low,8,namesilo,,,24/09/2026 17:35
1b7aa4c8-2c69-436e-be56-57c5320186b1,drafted.supplies,available,20.55,20.55,medium,low,7,dynadot,,,29/09/2026 04:48
ac53ce16-f0d1-4b51-9465-108432b2269a,atonic.supplies,available,24.99,24.99,low,low,6,namesilo,,,07/08/2026 13:54
fe3009c6-4573-402f-991a-1ddc003b0cbd,jericho.supplies,available,20.08,20.08,high,low,7,porkbun,,,30/09/2026 10:18
e8d02c63-c74d-446d-b37d-e6d5e1ef593a,strike.supplies,available,24.99,24.99,high,low,6,namesilo,,,25/08/2026 00:52
432c3695-bd79-420c-8e5b-161d9f5b96eb,stained.supplies,available,25.48,32.48,medium,low,7,namecheap,,,10/09/2026 18:14
70330588-2073-4df1-aa5c-5ae12b9c57dc,ruffled.supplies,available,24.99,24.99,medium,low,7,namesilo,,,18/08/2026 15:53
5f907d0c-d6f7-4f95-aa5d-37d46efa55f5,contracting.supplies,available,24.99,24.99,high,low,11,namesilo,,,02/10/2026 01:29
7ab7fd1e-2798-4aad-b16b-bc12e36e6000,asinine.supplies,available,24.99,24.99,low,low,7,namesilo,,,07/08/2026 02:35
251dcdd0-711e-4838-98ec-af29a80942f1,through.supplies,available,24.99,24.99,high,low,7,namesilo,,,24/09/2026 11:40
704433f0-9295-4b08-aa2a-b261694ca9a8,sixtieth.supplies,available,24.99,24.99,medium,low,8,namesilo,,,
d6a5cea2-40ed-48e0-a5db-2ab66f621803,clasp.supplies,available,19.2,19.2,high,low,5,cloudflare,,,30/09/2026 08:50
9af90276-2a18-415d-9a07-f6221a8d0d60,katrina.supplies,available,19.87,19.87,high,low,7,spaceship,,,29/09/2026 09:26
228b0cab-846c-4615-95f9-5c162704e7a3,immaterial.supplies,available,25.48,32.48,medium,low,10,namecheap,,,17/08/2026 19:22
57735364-4312-4dc0-91d4-8137ca285e01,albinism.supplies,available,24.99,24.99,medium,low,8,namesilo,,,18/09/2026 02:54
48a064c2-831b-442b-b51b-af249099681e,antifreeze.supplies,available,24.99,24.99,high,low,10,namesilo,,,19/09/2026 14:23
042b0679-e041-47bc-827f-d6b5f16858dc,assured.supplies,available,24.99,24.99,high,low,7,namesilo,,,07/08/2026 08:21
9eea6997-d3db-482b-8f43-110bb13f27e6,manner.supplies,available,19.87,19.87,high,low,6,spaceship,,,28/09/2026 16:42
cbfad8ec-f28b-46ab-b8d5-4318876303c8,preparation.supplies,available,24.99,24.99,high,low,11,namesilo,,,28/09/2026 12:30
1df00804-244c-461d-80ab-525f76d98d94,via.supplies,available,19.87,19.87,high,medium,3,spaceship,,,28/09/2026 15:38
681a75d3-9d8e-458b-a3b1-215a32ad5237,teddy.supplies,available,24.99,24.99,high,low,5,namesilo,,,24/09/2026 14:16
02fe0a49-8b40-4d08-9b69-5aac6c86f8b6,financing.supplies,available,19.87,19.87,high,low,9,spaceship,,,29/09/2026 12:21
0ff7a337-69fa-4a10-80ff-756f5a805ab3,transferring.supplies,available,19.2,19.2,high,low,12,cloudflare,,,28/09/2026 16:00
e51f37df-eb2d-422c-97bf-6b4592df3d68,aery.supplies,available,24.99,24.99,high,low,4,namesilo,,,
8f175bd3-579f-490b-ae62-17c0bca66837,assagai.supplies,available,25.48,32.48,medium,low,7,namecheap,,,20/09/2026 15:41
218955f0-556d-4a6a-bc87-d1e71b7fa5e9,miotic.supplies,available,24.99,24.99,medium,low,6,namesilo,,,25/08/2026 01:00
0932bee1-e431-4b83-81ca-79b019318d57,escapade.supplies,available,24.99,24.99,high,low,8,namesilo,,,17/09/2026 10:37
655e793c-42f0-4b6e-9c2a-a1837181b962,disorderly.supplies,available,24.99,24.99,medium,low,10,namesilo,,,14/08/2026 11:51
b73eb1b2-e3d7-40bf-b2da-c0dbff972e19,popping.supplies,available,19.2,19.2,high,low,7,cloudflare,,,30/09/2026 02:36
23539188-4e40-44af-8883-63dc7e11bcfd,coma.supplies,available,24.99,24.99,high,low,4,namesilo,,,25/09/2026 04:19
4594aa77-ed4f-40b8-a3fa-5fe4ed70fdb0,pays.supplies,available,25.48,32.48,medium,low,4,namecheap,,,25/09/2026 17:21
5064e221-d522-4fed-be56-dbe79cb3b0d7,watchman.supplies,available,19.2,19.2,high,low,8,cloudflare,,,30/09/2026 18:36
aa6a93ee-7489-4ac1-97b8-f87f2aeb8335,objector.supplies,available,24.99,24.99,medium,low,8,namesilo,,,14/08/2026 12:43
e6c3202a-40f8-4e87-ac95-90d457599907,eyebrows.supplies,available,19.87,19.87,medium,low,8,spaceship,,,30/09/2026 06:11
29a86cde-ce48-48a8-8be1-e51bf60dba57,blasphemer.supplies,available,24.99,24.99,medium,low,10,namesilo,,,24/09/2026 04:14
7ac34927-0043-4327-9a4c-ceb7f432abff,ruining.supplies,available,20.08,20.08,medium,low,7,porkbun,,,29/09/2026 19:30
57b68581-e352-4e13-a876-b2bc7256ad8a,casey.supplies,available,25.48,32.48,high,low,5,namecheap,,,25/09/2026 18:12
5449ba01-6d16-4034-bc9d-7b6399fd90a1,suitcase.supplies,available,24.99,24.99,high,low,8,namesilo,,,28/09/2026 06:48
8ad63a8f-cedb-455a-b6ce-ddb2cdb65814,impellent.supplies,available,24.99,24.99,medium,low,9,namesilo,,,21/08/2026 22:03
222066a0-addd-4001-95e1-075faa616f4c,burred.supplies,available,24.99,24.99,medium,low,6,namesilo,,,08/08/2026 17:23
460db71d-d75a-48c3-94f4-9e763db8e631,networks.supplies,available,24.99,24.99,high,low,8,namesilo,,,19/09/2026 17:41
673f56fb-694c-4206-86d3-e260f89454c3,georgetown.supplies,available,24.99,24.99,high,low,10,namesilo,,,25/09/2026 16:59
8c5767f1-c8f1-4c2b-a78e-ceb2115a9d22,romeo.supplies,available,24.99,24.99,high,low,5,namesilo,,,27/09/2026 05:10
eddb76d8-1515-4d19-8887-567977178d0f,bionomic.supplies,available,24.99,24.99,medium,low,8,namesilo,,,10/08/2026 03:03
2437d81b-4a84-4740-93c5-d244e2f53eb9,triennial.supplies,available,24.99,24.99,medium,low,9,namesilo,,,11/09/2026 19:31
8886d5a7-5bbc-4bf5-b441-8053bc1a27d5,basque.supplies,available,24.99,24.99,medium,low,6,namesilo,,,22/09/2026 11:41
f8aa9f95-48ce-4e8e-adfd-1ba67a10410b,fatigued.supplies,available,24.99,24.99,medium,low,8,namesilo,,,14/08/2026 14:49
d256eb9f-a829-4ce3-99d4-85e089bfd5c0,docking.supplies,available,24.99,24.99,high,low,7,namesilo,,,29/09/2026 06:41
ade3b509-4c40-421f-a008-b385f374f660,arteries.supplies,available,24.99,24.99,medium,low,8,namesilo,,,30/09/2026 06:28
8ff066c3-622b-409f-b033-f8f10fb7865b,adaption.supplies,available,24.99,24.99,medium,low,8,namesilo,,,17/09/2026 06:32
e0840a6f-f894-4182-b4bf-5a1eb08d6388,trainee.supplies,available,20.08,20.08,high,low,7,porkbun,,,29/09/2026 20:32
ef72402f-adaa-4017-bdfa-773516cbc060,fig.supplies,available,19.87,19.87,high,low,3,spaceship,,,28/09/2026 19:43
923b24a5-a05f-4f9b-8abf-ec9b609ecff3,intermodal.supplies,available,19.2,19.2,high,low,10,cloudflare,,,29/09/2026 16:19
ae467766-0a60-45dc-a04d-b54ba2014354,cortlandt.supplies,available,20.08,20.08,medium,low,9,porkbun,,,30/09/2026 22:25
022c95d9-a25d-4276-b249-24f5afbbd82a,longlasting.supplies,available,24.99,24.99,high,low,12,namesilo,,,
d4b4423f-87aa-4e9b-a796-b285d8310ce8,hangar.supplies,available,24.99,24.99,high,low,6,namesilo,,,17/09/2026 23:05
fb10eb63-a8d5-4688-808c-78228be3a716,effect.supplies,available,24.99,24.99,high,low,6,namesilo,,,29/09/2026 11:08
c0c3d073-ce6a-43b0-b523-7d6eb43c79e5,shortcuts.supplies,available,24.99,24.99,medium,medium,10,namesilo,,,18/09/2026 08:11
0e667a48-06e5-467b-917c-dc3f8ced6401,impacted.supplies,available,25.48,32.48,medium,low,8,namecheap,,,21/08/2026 21:36
024ed632-4009-4967-bbff-bb2fe254d9e0,unpressed.supplies,available,24.99,24.99,low,low,9,namesilo,,,12/09/2026 17:24
1d2fca4f-09a2-47c7-bb84-e3dec12474dc,insomnia.supplies,available,25.48,32.48,high,low,8,namecheap,,,29/09/2026 13:08
c1f9e2fa-ea5a-4f9b-82fc-fb05b846a7c8,trifid.supplies,available,24.99,24.99,medium,low,6,namesilo,,,11/09/2026 19:33
9c4455ca-f772-4cec-b6cc-deecb20cd874,rangy.supplies,available,25.48,32.48,medium,low,5,namecheap,,,18/08/2026 20:13
4a47918f-b2ab-42fd-afb9-0334ed17c638,riddled.supplies,available,24.99,24.99,medium,low,7,namesilo,,,09/09/2026 17:19
dd4634bd-4498-4ba5-b142-2eff229bb3f9,retroflex.supplies,available,24.99,24.99,medium,low,9,namesilo,,,11/08/2026 12:37
7069232a-a923-4f24-975e-73cd470cca53,discontent.supplies,available,24.99,24.99,medium,low,10,namesilo,,,14/08/2026 09:59
5ffd7fd6-ba40-4b57-a86d-66eb69b93fba,refunds.supplies,available,24.99,24.99,medium,low,7,namesilo,,,20/09/2026 14:13
569199ac-1b71-489a-80ed-4f4c2c51cc08,basilicata.supplies,available,24.99,24.99,medium,low,10,namesilo,,,22/09/2026 10:50
d82b2430-0679-4603-98a9-7bcdb0fb7f5e,orthopedic.supplies,available,24.99,24.99,high,low,10,namesilo,,,25/09/2026 12:37
99bdf0d2-ec9b-49d3-af26-ac7322c3f7ba,pushkin.supplies,available,24.99,24.99,high,low,7,namesilo,,,18/09/2026 05:07
41efc9c6-d0e0-41e9-bd4c-8aa6af1d9c73,apostle.supplies,available,35.99,35.99,high,low,7,name.com,,,19/09/2026 19:18
09df3224-a849-48c4-9a47-ae9bd20d9c07,utilities.supplies,available,19.87,19.87,high,low,9,spaceship,,,30/09/2026 23:34
780ef37a-1241-48bc-9dcc-85885334c301,patriotic.supplies,available,24.99,24.99,high,low,9,namesilo,,,27/09/2026 03:06
7c4776bb-cd75-4db0-925d-e85561c44e07,liturgical.supplies,available,24.99,24.99,high,low,10,namesilo,,,24/08/2026 07:40
8821a872-df73-4680-a247-41e70b8bb260,haifa.supplies,available,20.55,20.55,high,low,5,dynadot,,,28/09/2026 02:03
94f81080-2378-453a-a1af-f766ad7f1e3e,computer.supplies,premium,828.2,828.2,high,medium,8,spaceship,,,28/09/2026 08:32
aea272a7-7ea1-47f4-a78e-104a30066393,danish.supplies,available,35.99,35.99,high,low,6,name.com,,,13/08/2026 17:19
c965db3a-76ce-4937-af41-9e2b58178a69,thackeray.supplies,available,25.48,32.48,medium,low,9,namecheap,,,29/09/2026 14:03
47c2fbfe-2763-473f-a5c3-2105b947db3b,handbag.supplies,available,20.55,20.55,high,low,7,dynadot,,,01/10/2026 19:55
68a91665-2c8a-4ba5-8018-d6ef64db50a3,pcl.supplies,available,25.48,32.48,high,low,3,namecheap,,,30/09/2026 21:08
1f95a67f-e88e-49c5-9ca7-911612a6d38d,antiquary.supplies,available,25.48,32.48,medium,low,9,namecheap,,,
d00a1d4e-b93a-411f-92e4-006dde3cab66,juarez.supplies,available,19.2,19.2,medium,low,6,cloudflare,,,29/09/2026 18:22
756ced2a-a134-4881-afbe-ea866211c017,stability.supplies,available,24.99,24.99,high,low,9,namesilo,,,29/09/2026 11:16
c9ad8e61-e161-4b4e-8b6a-fe42c89decde,jewel.supplies,available,24.99,24.99,high,low,5,namesilo,,,30/09/2026 00:50
9515fac0-e675-48b6-9f41-db3b7f138f0b,prefectures.supplies,available,24.99,24.99,medium,low,11,namesilo,,,30/09/2026 16:16
61463911-8f75-47e0-a853-2262ee239dfe,reaper.supplies,available,24.99,24.99,high,low,6,namesilo,,,30/09/2026 17:30
cba29997-e24c-4682-b59c-ef4c56c1b6ed,asystole.supplies,available,25.48,32.48,medium,low,8,namecheap,,,20/09/2026 18:57
4809e3fe-1fd1-4246-a004-dc94e252be7b,fundraiser.supplies,available,19.87,19.87,high,low,10,spaceship,,,30/09/2026 17:25
edec657e-d8fe-4a4e-bdbc-8f8257635d39,subclavian.supplies,available,24.99,24.99,medium,low,10,namesilo,,,10/09/2026 23:40
62c97f36-9da1-4f81-bc97-c923a4cf5ea3,multinational.supplies,available,25.48,32.48,medium,low,13,namecheap,,,01/10/2026 05:37
fbb6943b-1e34-43b7-83c6-00843d1d410e,birdwatch.supplies,available,25.48,32.48,high,low,9,namecheap,,,23/09/2026 19:35
c3809a7a-b6f0-44f0-9da6-0690b64b70ba,somali.supplies,available,24.99,24.99,high,low,6,namesilo,,,10/09/2026 13:58
fad77ba0-4438-4ce7-9fdc-3c30af94a4e4,abrahams.supplies,available,24.99,24.99,medium,low,8,namesilo,,,01/10/2026 16:25
8a0bfc3d-7c41-4401-9d81-929d27bc1bd5,profligate.supplies,available,35.99,35.99,medium,low,10,name.com,,,13/08/2026 20:24
4b23ae27-78a2-436f-aba4-761c941b1cbf,commenced.supplies,available,24.99,24.99,medium,low,9,namesilo,,,02/10/2026 02:27
6131cdbd-ccfe-4a16-99ca-0701de74c093,celiac.supplies,available,24.99,24.99,medium,low,6,namesilo,,,11/08/2026 23:23
29ded651-2c1f-440d-a017-f2804c0b5463,eager.supplies,available,24.99,24.99,high,low,5,namesilo,,,24/09/2026 12:48
fb4e2820-ffce-49bd-98c8-780445e428c6,sugared.supplies,available,24.99,24.99,medium,low,7,namesilo,,,11/09/2026 01:16
099913d9-218d-4002-be3e-99254e178393,ungrateful.supplies,available,24.99,24.99,medium,low,10,namesilo,,,11/09/2026 12:26
be6aa92e-6b65-47a8-bdb8-21bcf5bc4559,fumbling.supplies,available,24.99,24.99,medium,low,8,namesilo,,,11/08/2026 10:05
cc79e708-7ab1-4a8e-afc5-16d62930a5d1,whereabouts.supplies,available,32.48,,high,low,11,namecheap,,,
b5667847-6f3b-49a9-a39c-34d9f58d6f09,vogt.supplies,available,24.99,24.99,medium,low,4,namesilo,,,29/09/2026 04:21
75a14a11-d886-4d8b-93d7-415444d6d3a8,engels.supplies,available,24.99,24.99,medium,low,6,namesilo,,,28/09/2026 14:01
a55c1877-eb6c-418a-975b-65f81fd33600,egoistic.supplies,available,25.48,32.48,medium,low,8,namecheap,,,15/08/2026 18:54
caa3e16b-a6be-418c-8505-1683a7830205,taradiddle.supplies,available,25.48,32.48,medium,low,10,namecheap,,,21/09/2026 23:52
e2dde353-6d07-41c1-ae78-e968e68362fe,endogenous.supplies,available,24.99,24.99,medium,low,10,namesilo,,,17/08/2026 01:15
61e04ba5-8ab9-42bb-bc38-88ca96de7a14,cowboys.supplies,available,19.87,19.87,high,low,7,spaceship,,,28/09/2026 12:01
c08f7a74-b75d-44ae-a4ab-933f3a09c663,backspin.supplies,available,24.99,24.99,high,low,8,namesilo,,,21/09/2026 16:02
49f1bd00-b928-444e-9017-d75487b88153,olden.supplies,available,24.99,24.99,medium,low,5,namesilo,,,04/09/2026 02:02
484a572a-b080-48d4-afeb-9df9012c1961,refund.supplies,available,24.99,24.99,high,low,6,namesilo,,,29/09/2026 07:57
03f9befe-638a-4691-b7a0-3473e439023b,censure.supplies,available,25.48,32.48,medium,low,7,namecheap,,,19/09/2026 08:29
0e181b2f-5fb0-4346-9b73-27205af57139,acorus.supplies,available,24.99,24.99,medium,low,6,namesilo,,,17/09/2026 02:25
281d86a4-9393-4ace-835e-870c639bdbe6,afghan.supplies,available,24.99,24.99,high,low,6,namesilo,,,
7076f425-bb63-4642-b102-0f7fdd04fe30,overcomes.supplies,available,24.99,24.99,medium,low,9,namesilo,,,21/09/2026 04:26
ad7872ba-a725-4998-aa1d-c1d58e21db55,erotically.supplies,available,24.99,24.99,medium,low,10,namesilo,,,14/09/2026 15:58
233d24ad-c134-4dc5-bf38-25fc026270e3,aroused.supplies,available,24.99,24.99,high,low,7,namesilo,,,
7f534f22-e71b-4af2-a4c3-9d2ca9253026,nations.supplies,available,19.87,19.87,medium,low,7,spaceship,,,27/09/2026 22:54
c819e182-d0cb-4978-9101-31a339f372d3,lossy.supplies,available,24.99,24.99,medium,low,5,namesilo,,,24/08/2026 09:58
98b90e84-0c1c-4484-aef1-54fe38abd7d3,excess.supplies,available,24.99,24.99,high,low,6,namesilo,,,17/08/2026 16:06
ad863355-af7d-4ba6-9463-f5afee664ff7,unreleased.supplies,available,25.48,32.48,medium,low,10,namecheap,,,12/09/2026 18:08
8b4700e4-0e9d-4688-b5ea-40f58f035aaa,satisfied.supplies,available,24.99,24.99,high,low,9,namesilo,,,27/09/2026 09:14
241a66fd-df0c-4210-bcc0-59c613851d82,circinate.supplies,available,24.99,24.99,high,low,9,namesilo,,,
e887ce0e-ed3d-42e9-bb97-18870afbb594,canola.supplies,available,35.99,35.99,high,low,6,name.com,,,24/09/2026 12:06
440f8160-918c-4f8c-9b97-5a08c922fe57,doubted.supplies,available,24.99,24.99,low,low,7,namesilo,,,29/09/2026 16:14
61953013-d3f7-4b80-b190-749f80e6c5be,insufficient.supplies,available,19.2,19.2,medium,low,12,cloudflare,,,01/10/2026 04:49
96009ddb-f9c5-4a86-96c6-1a16cc653d46,pesky.supplies,available,24.99,24.99,medium,low,5,namesilo,,,
ccb1f325-8dce-42f0-a802-5621885b3ca8,timorous.supplies,available,24.99,24.99,medium,low,8,namesilo,,,11/09/2026 16:05
f5ff5e6f-d0b5-4436-a2dc-e7b85a6385e4,morrison.supplies,available,35.99,35.99,high,low,8,name.com,,,25/09/2026 04:14
8b76bfa9-348f-4137-b9ae-7f81e11fb076,etiolate.supplies,available,24.99,24.99,medium,low,8,namesilo,,,17/08/2026 13:53
1a35d8c4-66be-4a69-ba82-edf76f8ecdd9,problem.supplies,available,19.87,19.87,high,low,7,spaceship,,,30/09/2026 07:28
07d21e88-4c10-40fc-b174-ed69d64d04c7,eject.supplies,available,24.99,24.99,high,low,5,namesilo,,,01/10/2026 03:53
b0171013-466a-4a93-8529-03c6862a9707,specialist.supplies,available,24.99,24.99,high,low,10,namesilo,,,28/09/2026 02:23
15933c2e-483c-4fe0-abc7-afa3547b69b6,ablated.supplies,available,24.99,24.99,medium,low,7,namesilo,,,
702fd762-bc78-415e-ae9e-cd71d37e52a8,gaining.supplies,available,24.99,24.99,medium,low,7,namesilo,,,28/09/2026 11:29
58967923-66c1-4860-bc60-dfbfc6715433,spokesperson.supplies,available,19.2,19.2,high,low,12,cloudflare,,,30/09/2026 14:32
59bcc3b7-9fbe-41fe-b557-fecef7fa4040,hobson.supplies,available,20.55,20.55,medium,low,6,dynadot,,,28/09/2026 12:14
751da8ac-dfb0-4e0b-a769-f41ebcdf4fe3,hectic.supplies,available,24.99,24.99,high,low,6,namesilo,,,18/08/2026 03:09
e40d15f9-8aff-472a-b08f-c27e40808371,bluntly.supplies,available,24.99,24.99,medium,low,7,namesilo,,,14/09/2026 00:39
e67a1d89-0d5d-4d69-a46b-cb3ff49ef12e,ethyne.supplies,available,24.99,24.99,medium,low,6,namesilo,,,17/09/2026 00:23
cb325973-271a-40a6-a80b-e952389b38bf,becky.supplies,available,24.99,24.99,high,low,5,namesilo,,,28/09/2026 00:14
00388728-80e2-4be0-93f6-4a1a0ae605d2,peter.supplies,available,25.48,32.48,high,medium,5,namecheap,,,24/09/2026 16:12
98930e43-bdbb-4e27-8bcd-edf8f6e4c281,tout.supplies,available,24.99,24.99,high,low,4,namesilo,,,11/08/2026 01:03
b7218fff-05c8-46aa-8eab-f707d70fb6db,unlikable.supplies,available,24.99,24.99,medium,low,9,namesilo,,,12/09/2026 00:58
a9e00e44-777b-441f-9131-be1c18795610,cutters.supplies,available,24.99,24.99,medium,low,7,namesilo,,,01/10/2026 18:41
344cea2d-684b-4ab4-9f24-c1e2e2f0e3aa,cleanup.supplies,available,24.99,24.99,high,low,7,namesilo,,,12/08/2026 10:26
030a5da4-3fdd-4238-a04a-53322254e7ca,branching.supplies,available,24.99,24.99,high,low,9,namesilo,,,11/08/2026 02:08
b1f2b5d0-c374-442e-ae2c-f7b56649bc03,prophets.supplies,available,24.99,24.99,high,low,8,namesilo,,,30/09/2026 10:35
e5fa4a30-8587-4896-a083-39f5baadf1ff,rudiments.supplies,available,24.99,24.99,medium,low,9,namesilo,,,22/09/2026 10:41
e441de07-db4d-4bba-bae5-2262707bff50,peaty.supplies,available,24.99,24.99,medium,low,5,namesilo,,,08/09/2026 11:28
35f73cb1-d2a2-4d7f-9b05-3bc569a8ba1c,genial.supplies,available,24.99,24.99,high,low,6,namesilo,,,21/09/2026 21:42
976f7e8c-fd38-4cc0-ae43-dc14d537bb61,forgery.supplies,available,24.99,24.99,medium,low,7,namesilo,,,13/08/2026 03:36
77f62210-ff29-4da2-945c-333850e1b142,argue.supplies,available,19.87,19.87,high,low,5,spaceship,,,30/09/2026 15:18
ef7f52bd-b0fb-4c20-9a95-5ec2c527b2b1,inconclusive.supplies,available,19.87,19.87,medium,low,12,spaceship,,,30/09/2026 04:07
fdc2a69e-a86c-4fde-afc0-b0c2f9e2e7d6,dysfunction.supplies,available,24.99,24.99,high,low,11,namesilo,,,30/09/2026 11:40
ef9b2539-775c-4150-bcce-9b08aef279d4,ult.supplies,available,24.99,24.99,high,low,3,namesilo,,,11/09/2026 22:48
dd9eeaf0-c5ea-4b50-ac05-7cd7ef2fd4a9,cosmetic.supplies,premium,78.54,78.54,high,low,8,namesilo,,,24/09/2026 00:13
b105eb5c-31c8-40bc-9489-6d5d4655efc1,medina.supplies,available,25.48,32.48,high,low,6,namecheap,,,18/09/2026 01:29
23a24a7e-2ef0-4bfd-ad15-314a75d740b4,petty.supplies,available,25.48,32.48,high,low,5,namecheap,,,24/09/2026 17:49
a55429fb-01e0-435c-9765-6b3e04842ea9,blackcap.supplies,available,24.99,24.99,medium,low,8,namesilo,,,23/09/2026 23:42
d6b51e27-5ce4-4be6-9ff6-e90bd2aa36e6,cough.supplies,available,35.99,35.99,high,low,5,name.com,,,24/09/2026 18:37
f18464db-e2d2-43e6-b8ef-dc52850eb5c2,illiteracy.supplies,available,24.99,24.99,medium,low,10,namesilo,,,19/09/2026 01:54
6f977245-1e57-413e-b730-ca0a23a53c0d,fuzzed.supplies,available,25.48,32.48,medium,low,6,namecheap,,,18/08/2026 19:20
712542ca-8579-47c8-a924-550864c112b8,teased.supplies,available,24.99,24.99,medium,low,6,namesilo,,,11/09/2026 09:55
9af32c81-be0a-4afe-9262-124c2a278c5e,nominee.supplies,available,19.87,19.87,high,low,7,spaceship,,,29/09/2026 06:17
eaf40ec1-0f58-45a1-8502-866584b3fa95,catapult.supplies,available,24.99,24.99,high,low,8,namesilo,,,20/09/2026 00:33
5a2c644d-28ed-412c-8909-0e126eec9c13,sweetened.supplies,available,24.99,24.99,medium,low,9,namesilo,,,11/09/2026 01:18
d963758c-5542-406b-a136-5a290e397cec,comfortable.supplies,available,24.99,24.99,high,low,11,namesilo,,,26/09/2026 00:46
0f8729cf-4a57-4045-9c60-e4316e2ce731,redlands.supplies,available,24.99,24.99,high,low,8,namesilo,,,01/10/2026 12:23
941eaa3f-fc63-4797-acd9-fc9e517da69e,mountains.supplies,available,35.99,35.99,medium,low,9,name.com,,,17/09/2026 17:48
53fcf84e-0d13-4b41-a799-fb97e9accf9a,brook.supplies,available,24.99,24.99,high,low,5,namesilo,,,29/09/2026 04:32
5f0ba0b3-f03d-4503-9ec0-65e3a728aed3,paved.supplies,available,24.99,24.99,high,low,5,namesilo,,,08/09/2026 10:53
6f702f07-fb27-46fb-b2cd-332c8e0363ed,logically.supplies,available,24.99,24.99,high,low,9,namesilo,,,15/09/2026 12:41
e24e2f9d-2d70-42ba-820d-842b12275075,eater.supplies,available,24.99,24.99,high,low,5,namesilo,,,19/09/2026 09:42
3af4e9ec-5e70-46ba-9e50-64aa0f422fc6,catalina.supplies,available,24.99,24.99,high,low,8,namesilo,,,01/10/2026 23:03
2be94271-14f0-4c61-bd1c-8cd8eb07d1ba,wares.supplies,available,19.87,19.87,high,low,5,spaceship,,,30/09/2026 20:59
f8c5f518-0e20-4154-af5a-1fbe124cd0eb,betterment.supplies,available,25.48,32.48,high,low,10,namecheap,,,18/09/2026 18:20
3fc472e2-9fa8-41ab-9c8b-d5f0412107fb,person.supplies,available,25.48,32.48,high,low,6,namecheap,,,25/09/2026 09:11
2e404be4-f2af-42c3-b8e8-a1d6e2d46a80,americium.supplies,available,24.99,24.99,medium,low,9,namesilo,,,18/09/2026 15:35
1f45dbf9-6a49-4f63-8bc7-4940d4eaba35,logged.supplies,available,24.99,24.99,medium,low,6,namesilo,,,29/09/2026 16:39
b5a96dbc-5cc6-4d3f-bea3-08a5c78f5a91,horary.supplies,available,24.99,24.99,medium,low,6,namesilo,,,21/08/2026 13:58
56f834b6-ddd0-475c-8c4e-e76a5d363525,liao.supplies,available,20.55,20.55,medium,low,4,dynadot,,,29/09/2026 01:35
a7449e7f-316d-4d09-b547-d0017971fa0b,fireplace.supplies,available,25.48,32.48,high,low,9,namecheap,,,28/09/2026 14:11
a5725d55-3938-481c-8e71-8994d1f448ee,illuminated.supplies,available,24.99,24.99,high,low,11,namesilo,,,01/10/2026 18:40
96eda399-972e-469c-9e4b-70089f45c93a,gerrard.supplies,available,24.99,24.99,medium,low,7,namesilo,,,01/10/2026 10:05
09ab6bda-b6d8-4f18-9aee-0612e1c8011b,fulminant.supplies,available,25.48,32.48,medium,low,9,namecheap,,,18/08/2026 18:18
2a146adb-96d7-46a6-90f8-b10bf90763a1,reddish.supplies,available,24.99,24.99,high,low,7,namesilo,,,19/09/2026 03:49
9a81af72-0880-45ef-9d1d-cf145f8a55ed,unnamed.supplies,available,24.99,24.99,medium,low,7,namesilo,,,03/09/2026 12:56
1087b10d-54b2-4e42-bbe2-e19a614edb86,hypnagogic.supplies,available,24.99,24.99,medium,low,10,namesilo,,,21/08/2026 17:03
a1faa4d1-1f24-463b-aaa3-6f4fbbc569b9,annotated.supplies,available,24.99,24.99,high,low,9,namesilo,,,02/10/2026 01:13
2ba886bd-ed78-4f6d-9364-c0ebd3d4dfdc,surprised.supplies,available,19.87,19.87,high,low,9,spaceship,,,28/09/2026 02:04
22be464a-a7ef-4fdc-b3fe-d0b962e4f306,firsthand.supplies,available,19.87,19.87,high,low,9,spaceship,,,01/10/2026 13:24
1d50e375-e660-4c5b-b707-cd25e5900ee3,groggy.supplies,available,24.99,24.99,medium,low,6,namesilo,,,18/08/2026 09:53
f0612919-541d-441c-9bd8-cca70f7943aa,dorchester.supplies,available,24.99,24.99,medium,low,10,namesilo,,,27/09/2026 07:30
9b2a7861-32e3-4ead-809a-2cdc2a052838,advocacy.supplies,available,25.48,32.48,high,low,8,namecheap,,,17/09/2026 11:40
0b7d8f9a-c3a8-4255-aa86-3993b3ce2824,pines.supplies,available,19.87,19.87,medium,low,5,spaceship,,,30/09/2026 07:04
f6b87f4d-66c5-49f7-8205-52cb71ff5d3d,jerk.supplies,available,24.99,24.99,high,low,4,namesilo,,,25/09/2026 11:41
15e0937d-9df5-406b-b298-96c2816b7c51,franchise.supplies,premium,85.8,85.8,high,low,9,namecheap,,,24/09/2026 21:02
e46bda8d-53c5-4a86-8ba8-ae2833bc8069,eden.supplies,resell,,,high,medium,4,,,,28/09/2026 13:57
880983e9-9f2a-425b-bd72-6f9cad0265a1,teaching.supplies,premium,68.51,68.51,high,low,8,spaceship,,,01/10/2026 22:16
1fbecbdf-ed45-4137-99d0-7bbcfc2cf6a6,toter.supplies,available,25.48,32.48,medium,low,5,namecheap,,,22/09/2026 21:16
53fba1bc-b76f-4a42-ab03-3a822b12838c,cfl.supplies,available,19.87,19.87,high,low,3,spaceship,,,29/09/2026 20:49
50281beb-ec05-4861-a6db-b1e8e1abfd54,anthology.supplies,available,24.99,24.99,high,low,9,namesilo,,,19/09/2026 13:28
12fba8b3-6065-4a66-b86a-fd52c7f012a0,monegasque.supplies,available,24.99,24.99,medium,low,10,namesilo,,,25/08/2026 04:03
47c853cf-ef52-49b3-b147-5b4ff87a9fe5,berger.supplies,available,24.99,24.99,medium,low,6,namesilo,,,29/09/2026 04:23
d3c5962c-b098-4a7a-9308-28477dff4b8e,grandiose.supplies,available,25.48,32.48,high,low,9,namecheap,,,20/08/2026 17:58
f540c6f2-d989-4d0c-8b31-c29671b68419,aimlessly.supplies,available,25.48,32.48,medium,low,9,namecheap,,,13/09/2026 18:28
d6010eee-41c5-417a-abce-d550cd91a569,astrogator.supplies,available,24.99,24.99,medium,low,10,namesilo,,,20/09/2026 17:41
c1eb5572-53f9-4bfe-8fc6-d719f3b71efd,leuven.supplies,available,25.48,32.48,medium,low,6,namecheap,,,29/09/2026 15:09
ae64374b-b33b-4be6-bfa8-9aa8a5596fac,madonna.supplies,available,24.99,24.99,high,low,7,namesilo,,,24/09/2026 06:06
f9f0b4bf-8bdd-4ba8-bd2f-b37024ab2ce2,streetwise.supplies,available,24.99,24.99,high,low,10,namesilo,,,10/09/2026 22:26
dbeef082-658f-449b-8cb1-9a197df26c50,clancy.supplies,available,19.87,19.87,medium,low,6,spaceship,,,28/09/2026 21:20
28fed76c-6f23-4a5e-8694-e5142ffe597b,swallow.supplies,available,24.99,24.99,high,low,7,namesilo,,,29/09/2026 13:39
6bcaa59a-e02c-414d-9715-e065272f5e50,land.supplies,available,25.48,32.48,high,low,4,namecheap,,,28/09/2026 18:00
c56417ca-a504-441a-9697-efcb6ff4243f,charlie.supplies,available,25.48,32.48,high,medium,7,namecheap,,,25/09/2026 18:14
78c301d3-c011-442c-8d8a-92ca7d328a49,outlandish.supplies,available,24.99,24.99,medium,low,10,namesilo,,,10/08/2026 10:37
ef01887b-4530-4ac9-a43d-270ce8f10103,replies.supplies,available,24.99,24.99,medium,low,7,namesilo,,,18/09/2026 09:15
5e15a729-7bdf-4ba9-b616-14ca1c144ae6,vase.supplies,available,20.55,20.55,high,low,4,dynadot,,,28/09/2026 11:03
b79331cc-a106-436d-ad70-541c96af6e46,gangs.supplies,available,24.99,24.99,low,low,5,namesilo,,,28/09/2026 13:19
41cc5dbb-f814-4665-b796-c0f99a423657,throws.supplies,available,25.48,32.48,medium,low,6,namecheap,,,19/09/2026 00:51
8bd57e5f-6481-413d-84e4-1c4cdc3b8326,afford.supplies,available,24.99,24.99,high,low,6,namesilo,,,25/09/2026 11:07
30ef9753-8a99-4989-be1c-111db8bcad01,spiral.supplies,available,24.99,24.99,high,low,6,namesilo,,,23/09/2026 14:59
f03ee5ca-56c2-4edb-b145-dfd24ee6f01e,cassidy.supplies,available,24.99,24.99,high,low,7,namesilo,,,26/09/2026 03:43
225e720a-64f3-46e3-a4da-5fdbba644b2d,hendrix.supplies,available,19.87,19.87,high,low,7,spaceship,,,28/09/2026 05:59
cecdd6b6-d45d-4333-9976-cafa82390d34,het.supplies,available,24.99,24.99,medium,low,3,namesilo,,,21/08/2026 02:20
2705baba-2c4d-48c4-95e5-9ae5877eb1e2,cello.supplies,available,24.99,24.99,high,low,5,namesilo,,,30/09/2026 01:01
cb057fb6-dabc-466b-8e1a-964c5456c222,frame.supplies,available,24.99,24.99,high,low,5,namesilo,,,29/09/2026 03:14
7d9d0c08-9b98-459b-81ed-21959fbc1fcb,astrology.supplies,available,25.48,32.48,high,low,9,namecheap,,,20/09/2026 17:48
51cd25ba-8ccf-45c1-9457-3352fae2597e,eolic.supplies,available,24.99,24.99,low,low,5,namesilo,,,17/09/2026 12:36
50f99954-827d-490b-9aa0-da74b39fbdf6,reg.supplies,available,20.55,20.55,high,low,3,dynadot,,,28/09/2026 21:01
e9117920-c352-4da2-b852-03c5f291f41b,appraised.supplies,available,24.99,24.99,medium,low,9,namesilo,,,18/09/2026 22:16
0745b97d-d8f8-4710-a19e-25d54f3998e7,intrinsic.supplies,available,24.99,24.99,high,low,9,namesilo,,,25/09/2026 10:55
309b31d7-cbd6-4a03-9395-301027e62e43,heap.supplies,available,24.99,24.99,high,low,4,namesilo,,,25/08/2026 00:28
ab600e17-bbeb-4aa5-b3f9-65e98bffbd0e,iaa.supplies,available,24.99,24.99,medium,low,3,namesilo,,,17/09/2026 07:22
41939cda-99a5-476d-904b-e39e57588fa8,hsv.supplies,available,19.2,19.2,high,low,3,cloudflare,,,30/09/2026 23:44
6cebfbad-4d49-44ab-83f3-e960c3e8e7a4,calming.supplies,available,25.48,32.48,high,low,7,namecheap,,,19/09/2026 20:28
b6dafb34-a289-4ea4-8d3b-883598fcd35f,someone.supplies,available,24.99,24.99,high,low,7,namesilo,,,25/09/2026 09:13
4bf362fe-8cfc-4a09-81f2-eb0eb3c8ad1c,cumulate.supplies,available,24.99,24.99,high,low,8,namesilo,,,12/08/2026 21:52
6965c5c5-e4c0-4c1e-b217-4e879550fa0b,krupp.supplies,available,25.48,32.48,medium,low,5,namecheap,,,18/09/2026 06:37
8108ec2b-09e4-45e0-b5d4-78c201c45abe,prosodic.supplies,available,24.99,24.99,medium,low,8,namesilo,,,09/09/2026 03:39
eab62680-7c37-4085-bdcf-aac8059890ac,jun.supplies,available,24.99,24.99,high,low,3,namesilo,,,29/09/2026 15:18
2b7ca4a3-75b1-42ba-af1a-eaee673a3524,metastatic.supplies,available,24.99,24.99,medium,low,10,namesilo,,,24/08/2026 21:49
569a4f7c-34b6-4bd0-99b4-bae44b402253,luis.supplies,available,24.99,24.99,high,low,4,namesilo,,,25/09/2026 14:41
8ae95d22-0c09-4cb8-95d1-3328c4d2c36a,lancaster.supplies,available,19.87,19.87,high,low,9,spaceship,,,29/09/2026 19:11
a1a46155-f2a0-42f7-bf81-e1c320fb890e,furred.supplies,available,25.48,32.48,medium,low,6,namecheap,,,18/08/2026 18:52
bf3f011e-9644-4391-969a-2219596f89f4,cooperating.supplies,available,25.48,32.48,medium,low,11,namecheap,,,30/09/2026 07:38
6c58850f-b1de-4383-b678-029435c5de67,norm.supplies,available,24.99,24.99,high,low,4,namesilo,,,22/09/2026 14:30
0bbbf0c2-f303-4082-84cd-ea683644174b,sidesaddle.supplies,available,24.99,24.99,medium,low,10,namesilo,,,16/09/2026 01:43
ad4040f4-b552-477b-84a5-ebeb65e00d9c,unalarming.supplies,available,24.99,24.99,medium,low,10,namesilo,,,12/09/2026 00:14
8f1f7b41-e9fb-4a35-add7-83ee773effc7,sterilised.supplies,available,25.48,32.48,medium,low,10,namecheap,,,10/09/2026 20:13
4f535b2e-5a08-4817-b647-894dc3fef7a5,defender.supplies,available,19.87,19.87,high,low,8,spaceship,,,28/09/2026 18:56
f6a486d8-75ce-4e3e-be62-ba2e7ae73649,triad.supplies,available,24.99,24.99,high,low,5,namesilo,,,
6f19270c-f354-44cb-ac1c-5869331ecf05,olof.supplies,available,19.87,19.87,medium,low,4,spaceship,,,02/10/2026 00:16
e594ce68-ffcb-4e47-900d-84e5ae972b73,sumerian.supplies,available,24.99,24.99,high,low,8,namesilo,,,11/09/2026 01:33
a0b1664d-03b1-4f0d-aa17-2de3ab169644,apiarian.supplies,available,24.99,24.99,medium,low,8,namesilo,,,05/08/2026 23:53
e243165f-6273-4134-8f21-c7f6c6bf5782,vesica.supplies,available,25.48,32.48,medium,low,6,namecheap,,,24/09/2026 03:27
a0dff4c3-a617-4971-88a7-bf02afcb9ca0,bashful.supplies,available,24.99,24.99,high,low,7,namesilo,,,08/08/2026 22:01
e4b56c8d-6222-4e2f-abbc-f64f20adc083,antipodean.supplies,available,25.48,32.48,medium,low,10,namecheap,,,
347c8ce6-01b5-404f-9733-07c579e8c686,debate.supplies,available,24.99,24.99,high,low,6,namesilo,,,24/09/2026 05:29
b7fbb254-7259-495d-a975-4be8a7e73dfd,saturday.supplies,available,24.99,24.99,high,low,8,namesilo,,,30/09/2026 10:29
58a9bbfb-ebde-4369-9024-f89ac7ec7b6f,castello.supplies,available,20.08,20.08,high,low,8,porkbun,,,30/09/2026 20:54
9468f7a9-3cbc-4b68-8778-0930a6edc218,erroneous.supplies,available,24.99,24.99,medium,low,9,namesilo,,,17/08/2026 12:56
41e4de84-8ff8-4ca3-9312-1743679ece4f,burner.supplies,available,19.87,19.87,high,low,6,spaceship,,,29/09/2026 11:49
4b4e23fe-7f90-4b3b-b631-ff22e25b698e,hallowed.supplies,available,24.99,24.99,high,low,8,namesilo,,,20/08/2026 22:52
42928850-bb56-49b9-843c-3c9d7eb8df26,indulge.supplies,available,24.99,24.99,high,low,7,namesilo,,,21/09/2026 13:04
46b123ae-af80-4e80-8941-16a0d379b9bd,rodney.supplies,available,24.99,24.99,high,low,6,namesilo,,,28/09/2026 03:52
421f9771-29be-404f-a63a-e2d830752ade,supermodel.supplies,available,24.99,24.99,high,low,10,namesilo,,,30/09/2026 12:30
d9efb508-7da6-4af8-8161-c2fa82b53e19,biodefence.supplies,available,25.48,32.48,medium,low,10,namecheap,,,23/09/2026 17:51
9dc34b56-a024-42da-b686-bc917440c75f,hurling.supplies,premium,,,medium,low,7,,,,01/10/2026 20:01
9d2bb7b7-3156-4987-a622-24feae0080be,silvan.supplies,available,24.99,24.99,medium,low,6,namesilo,,,19/09/2026 11:29
1d57c9cb-aec4-4117-8518-02987d033a19,basket.supplies,premium,68.51,68.51,high,low,6,spaceship,,,29/09/2026 01:26
d2ba4685-d53a-44d8-8d96-fee25096188d,outbound.supplies,available,25.48,32.48,high,low,8,namecheap,,,04/09/2026 18:57
b088f321-1955-4a62-b79c-a47de9d66f28,spattered.supplies,available,35.99,35.99,medium,low,9,name.com,,,13/08/2026 15:15
2f7f1570-1b80-4992-81dc-f0cc9afbf2b2,railroad.supplies,available,24.99,24.99,high,low,8,namesilo,,,24/09/2026 23:46
a042fe2e-c9b6-45e4-bc70-9cdf1589f53b,allayer.supplies,available,24.99,24.99,medium,low,7,namesilo,,,18/09/2026 09:59
d284d86c-5045-48c8-b93e-b6a50d026add,scan.supplies,available,19.87,19.87,high,medium,4,spaceship,,,29/09/2026 07:40
04b52de7-3510-43cf-bbf4-8324e13b5248,millenary.supplies,available,24.99,24.99,medium,low,9,namesilo,,,24/08/2026 23:13
b07161b5-6f2a-4160-a830-c5a73a9ea83d,oppenheimer.supplies,available,24.99,24.99,medium,low,11,namesilo,,,28/09/2026 21:40
08d1055f-23fc-4064-aa70-1b7f883dc85f,effectual.supplies,available,24.99,24.99,high,low,9,namesilo,,,15/08/2026 14:20
4251c54b-7b54-48b0-a132-30dbd3e8cd9d,sporadic.supplies,available,24.99,24.99,medium,low,8,namesilo,,,10/09/2026 16:29
67632aa7-3b79-4b72-9aea-d813f7a0afd1,deceitful.supplies,available,25.48,32.48,medium,low,9,namecheap,,,13/08/2026 21:06
df2f03a8-efe7-4f7a-91fa-531774fcdfff,sprayed.supplies,available,19.87,19.87,medium,low,7,spaceship,,,30/09/2026 20:15
bfb1e873-bb74-444b-b797-cfcc23e1968e,incorrect.supplies,available,25.48,32.48,high,low,9,namecheap,,,25/09/2026 08:08
2073a1d7-73d0-4ec2-8e0a-7e37d0fb376a,bisque.supplies,available,25.48,32.48,high,low,6,namecheap,,,23/09/2026 22:05
da277446-e49e-45e1-a7dc-df9a64268b16,collegiate.supplies,available,24.99,24.99,high,low,10,namesilo,,,12/08/2026 17:08
d8bac3ab-e676-45cf-a601-d003bf6aee3b,cuddles.supplies,available,24.99,24.99,medium,low,7,namesilo,,,21/09/2026 08:38
e057836e-4458-4006-8342-d8e26e9214c1,woodwork.supplies,available,24.99,24.99,high,low,8,namesilo,,,30/09/2026 16:36
adb4776d-94ab-43e1-98c6-62048acbae28,drome.supplies,available,24.99,24.99,high,low,5,namesilo,,,17/09/2026 12:59
d4c45ab4-16e7-46d8-aafc-fcb8ee582c1f,entree.supplies,available,24.99,24.99,high,low,6,namesilo,,,16/09/2026 22:08
809d9ff2-b316-4cc9-b7b6-b3768a85a537,snakes.supplies,available,24.99,24.99,high,low,6,namesilo,,,27/09/2026 06:49
20f0850b-b45d-4913-9f3e-561c1968a8c0,levantine.supplies,available,24.99,24.99,medium,low,9,namesilo,,,23/08/2026 00:31
7db974dc-bc75-4c45-8130-cbad477832f6,juana.supplies,available,25.48,32.48,medium,low,5,namecheap,,,29/09/2026 09:44
7d7d763e-21d2-4440-b0ef-f73113f34d87,strains.supplies,available,19.87,19.87,medium,low,7,spaceship,,,30/09/2026 07:15
1f707f2e-5641-4f6c-8c4a-ba842155e6ae,elkins.supplies,available,19.87,19.87,medium,low,6,spaceship,,,29/09/2026 15:44
6efc8201-d5dc-4df7-b1fe-925b82f0aa15,glimpse.supplies,available,24.99,24.99,high,low,7,namesilo,,,24/09/2026 18:42
2497dfaa-f751-461d-89a6-483bc94188e3,length.supplies,available,24.99,24.99,high,low,6,namesilo,,,30/09/2026 02:48
96389fdc-ee81-427e-9f86-c25631b24639,casino.supplies,resell,,,high,medium,6,,,,27/09/2026 12:19
660d4528-7911-4a64-b89f-f64e1e99c0af,retreat.supplies,available,24.99,24.99,high,low,7,namesilo,,,29/09/2026 11:58
fc53807c-e630-4517-812c-c3fe9e743ffe,tennessee.supplies,available,24.99,24.99,high,low,9,namesilo,,,28/09/2026 11:00
3e8b4a87-2c82-4898-92ca-76cafcf196b1,lawfully.supplies,available,35.99,35.99,medium,low,8,name.com,,,13/08/2026 19:09
792c570a-5693-4c74-99e6-cac7a3efb850,waddington.supplies,available,19.87,19.87,medium,low,10,spaceship,,,01/10/2026 11:02
8b34a984-d89b-42fd-84fd-3061ec0bb5f2,colleague.supplies,available,24.99,24.99,high,low,9,namesilo,,,24/09/2026 16:08
2ccb2df7-8651-4c78-b558-bb2924e6d2af,compromised.supplies,available,24.99,24.99,low,low,11,namesilo,,,28/09/2026 13:03
779dfda4-81b2-4ef8-88a2-6d3d0812d4be,speedup.supplies,available,24.99,24.99,high,low,8,namesilo,,,
6a42f100-7dd8-4c54-8bf2-0884ccf04683,wildly.supplies,available,24.99,24.99,medium,low,6,namesilo,,,16/09/2026 11:29
8f38621d-90d9-47e8-896f-1312c4009b8d,campanula.supplies,available,25.48,32.48,high,low,9,namecheap,,,23/09/2026 06:05
8d71e946-7046-4646-9033-64b62cd90a68,visualized.supplies,available,24.99,24.99,high,low,10,namesilo,,,24/09/2026 14:20